中文名	拉丁名	英文名	记录次数	定点记	随手记
白颈长尾雉	Syrmaticus ellioti	Elliot's Pheasant	1	0	1
黄腹角雉	Tragopan caboti	Cabot's Tragopan	1	0	1
勺鸡	Pucrasia macrolopha	Koklass Pheasant	1	0	1
花尾榛鸡	Tetrastes bonasia	Hazel Grouse	1	1	0
环颈山鹧鸪	Arborophila torqueola	Common Hill Partridge	1	1	0
白眉山鹧鸪	Arborophila gingica	Rickett's Hill Partridge	11	10	1
环颈雉	Phasianus colchicus	Common Pheasant	9	8	1
藏马鸡	Crossoptilon harmani	Tibetan Eared Pheasant	1	0	1
黑鹇	Lophura leucomelanos	Kalij Pheasant	1	1	0
海南孔雀雉	Polyplectron katsumatae	Hainan Peacock Pheasant	1	1	0
白鹇	Lophura nycthemera	Silver Pheasant	10	8	2
黑雁	Branta bernicla	Brant Goose	6	6	0
灰胸竹鸡	Bambusicola thoracicus	Chinese Bamboo Partridge	15	14	1
红原鸡	Gallus gallus	Red Junglefowl	1	1	0
中华鹧鸪	Francolinus pintadeanus	Chinese Francolin	1	1	0
鹌鹑	Coturnix japonica	Japanese Quail	2	2	0
大天鹅	Cygnus cygnus	Whooper Swan	2	2	0
小天鹅	Cygnus columbianus	Tundra Swan	9	9	0
斑头雁	Anser indicus	Bar-headed Goose	3	1	2
灰雁	Anser anser	Graylag Goose	3	3	0
鸿雁	Anser cygnoides	Swan Goose	4	4	0
豆雁	Anser fabalis	Bean Goose	6	6	0
普通秋沙鸭	Mergus merganser	Common Merganser	13	12	1
短嘴豆雁	Anser serrirostris	Tundra Bean Goose	5	5	0
白额雁	Anser albifrons	White-fronted Goose	11	11	0
长尾鸭	Clangula hyemalis	Long-tailed Duck	1	1	0
鹊鸭	Bucephala clangula	Common Goldeneye	4	4	0
蓝胸鹑	Synoicus chinensis	Blue-breasted Quail	2	2	0
鸳鸯	Aix galericulata	Mandarin Duck	5	5	0
中华秋沙鸭	Mergus squamatus	Chinese Merganser	2	1	1
红胸秋沙鸭	Mergus serrator	Red-breasted Merganser	3	3	0
翘鼻麻鸭	Tadorna tadorna	Common Shelduck	8	8	0
赤麻鸭	Tadorna ferruginea	Ruddy Shelduck	11	10	1
棉凫	Nettapus coromandelianus	Cotton Pygmy Goose	3	3	0
赤嘴潜鸭	Netta rufina	Red-crested Pochard	1	0	1
红头潜鸭	Aythya ferina	Common Pochard	9	8	1
白眉鸭	Spatula querquedula	Garganey	6	6	0
青头潜鸭	Aythya baeri	Baer's Pochard	2	2	0
环颈潜鸭	Aythya collaris	Ring-necked Duck	2	2	0
凤头潜鸭	Aythya fuligula	Tufted Duck	21	21	0
斑头秋沙鸭	Mergellus albellus	Smew	1	1	0
白眼潜鸭	Aythya nyroca	Ferruginous Duck	3	3	0
花脸鸭	Sibirionetta formosa	Baikal Teal	1	1	0
斑背潜鸭	Aythya marila	Greater Scaup	2	2	0
罗纹鸭	Mareca falcata	Falcated Duck	15	15	0
赤膀鸭	Mareca strepera	Gadwall	5	5	0
琵嘴鸭	Spatula clypeata	Northern Shoveler	36	35	0
针尾鸭	Anas acuta	Northern Pintail	25	25	0
赤颈鸭	Mareca penelope	Eurasian Wigeon	45	42	0
斑嘴鸭	Anas zonorhyncha	Chinese Spot-billed Duck	47	44	1
绿头鸭	Anas platyrhynchos	Mallard	24	23	1
小䴙䴘	Tachybaptus ruficollis	Little Grebe	60	59	0
绿翅鸭	Anas crecca	Eurasian Teal	43	41	0
凤头䴙䴘	Podiceps cristatus	Great Crested Grebe	13	13	0
岩鸽	Columba rupestris	Hill Pigeon	3	2	1
雪鸽	Columba leuconota	Snow Pigeon	1	1	0
山斑鸠	Streptopelia orientalis	Oriental Turtle Dove	21	21	0
黑颈䴙䴘	Podiceps nigricollis	Black-necked Grebe	1	1	0
灰斑鸠	Streptopelia decaocto	Eurasian Collared Dove	1	1	0
斑尾鹃鸠	Macropygia unchall	Bar-tailed Cuckoo Dove	6	6	0
绿翅金鸠	Chalcophaps indica	Emerald Dove	8	8	0
针尾绿鸠	Treron apicauda	Pin-tailed Green Pigeon	1	1	0
普通夜鹰	Caprimulgus jotaka	Grey Nightjar	6	5	1
长尾夜鹰	Caprimulgus macrurus	Large-tailed Nightjar	2	2	0
凤头雨燕	Hemiprocne coronata	Crested Treeswift	1	1	0
灰林鸽	Columba pulchricollis	Ashy Wood Pigeon	1	0	1
火斑鸠	Streptopelia tranquebarica	Red Turtle Dove	4	4	0
珠颈斑鸠	Spilopelia chinensis	Spotted Dove	94	87	2
林夜鹰	Caprimulgus affinis	Savanna Nightjar	1	1	0
普通秧鸡	Rallus indicus	Eastern Water Rail	2	2	0
小白腰雨燕	Apus nipalensis	House Swift	29	29	0
红翅凤头鹃	Clamator coromandus	Chestnut-winged Cuckoo	1	0	1
乌鹃	Surniculus lugubris	Square-tailed Drongo-cuckoo	2	1	1
四声杜鹃	Cuculus micropterus	Indian Cuckoo	1	1	0
红胸田鸡	Zapornia fusca	Ruddy-breasted Crake	1	1	0
白胸苦恶鸟	Amaurornis phoenicurus	White-breasted Waterhen	35	33	1
紫水鸡	Porphyrio poliocephalus	Grey-headed Swamphen	7	7	0
棕雨燕	Cypsiurus balasiensis	Asian Palm Swift	1	1	0
褐翅鸦鹃	Centropus sinensis	Greater Coucal	46	43	0
小鸦鹃	Centropus bengalensis	Lesser Coucal	1	1	0
噪鹃	Eudynamys scolopaceus	Western Koel	24	21	1
八声杜鹃	Cacomantis merulinus	Plaintive Cuckoo	13	12	1
大鹰鹃	Hierococcyx sparverioides	Large Hawk-cuckoo	11	11	0
小杜鹃	Cuculus poliocephalus	Lesser Cuckoo	1	1	0
白喉斑秧鸡	Rallina eurizonoides	Slaty-legged Crake	2	2	0
灰胸秧鸡	Lewinia striata	Slaty-breasted Rail	1	1	0
黑水鸡	Gallinula chloropus	Common Moorhen	54	52	0
白骨顶	Fulica atra	Common Coot	43	40	1
白枕鹤	Antigone vipio	White-naped Crane	3	3	0
白鹤	Leucogeranus leucogeranus	Siberian Crane	8	8	0
沙丘鹤	Antigone canadensis	Sandhill Crane	1	1	0
灰鹤	Grus grus	Common Crane	5	5	0
白头鹤	Grus monacha	Hooded Crane	5	5	0
黑颈鹤	Grus nigricollis	Black-necked Crane	1	0	1
大鸨	Otis tarda	Great Bustard	1	1	0
黑喉潜鸟	Gavia arctica	Arctic Loon	1	1	0
丹顶鹤	Grus japonensis	Red-crowned Crane	1	1	0
红喉潜鸟	Gavia stellata	Red-throated Loon	1	1	0
太平洋潜鸟	Gavia pacifica	Pacific Loon	1	1	0
白额鹱	Calonectris leucomelas	Streaked Shearwater	1	1	0
黑鹳	Ciconia nigra	Black Stork	1	1	0
黑脸琵鹭	Platalea minor	Black-faced Spoonbill	37	35	0
东方白鹳	Ciconia boyciana	Oriental Stork	14	14	0
白琵鹭	Platalea leucorodia	Eurasian Spoonbill	29	26	1
彩鹮	Plegadis falcinellus	Glossy Ibis	4	4	0
大麻鳽	Botaurus stellaris	Eurasian Bittern	5	5	0
黄斑苇鳽	Ixobrychus sinensis	Yellow Bittern	6	6	0
栗苇鳽	Ixobrychus cinnamomeus	Cinnamon Bittern	1	1	0
苍鹭	Ardea cinerea	Grey Heron	99	92	1
夜鹭	Nycticorax nycticorax	Black-crowned Night-heron	35	31	1
绿鹭	Butorides striata	Green-backed Heron	1	1	0
池鹭	Ardeola bacchus	Chinese Pond Heron	66	61	1
牛背鹭	Bubulcus coromandus	Cattle Egret	30	29	1
白鹭	Egretta garzetta	Little Egret	150	134	3
草鹭	Ardea purpurea	Purple Heron	3	3	0
大白鹭	Ardea alba	Great Egret	123	106	1
中白鹭	Ardea intermedia	Intermediate Egret	16	15	0
绿背鸬鹚	Phalacrocorax capillatus	Japanese Cormorant	3	3	0
岩鹭	Egretta sacra	Pacific Reef-egret	2	1	1
黄嘴白鹭	Egretta eulophotes	Chinese Egret	3	2	1
海鸬鹚	Phalacrocorax pelagicus	Pelagic Cormorant	1	1	0
卷羽鹈鹕	Pelecanus crispus	Dalmatian Pelican	1	1	0
普通鸬鹚	Phalacrocorax carbo	Great Cormorant	63	58	0
黑翅长脚鹬	Himantopus himantopus	Black-winged Stilt	37	36	0
蛎鹬	Haematopus ostralegus	Eurasian Oystercatcher	2	2	0
反嘴鹬	Recurvirostra avosetta	Pied Avocet	47	42	1
棕三趾鹑	Turnix suscitator	Barred Buttonquail	1	1	0
凤头麦鸡	Vanellus vanellus	Northern Lapwing	7	6	0
灰头麦鸡	Vanellus cinereus	Grey-headed Lapwing	1	1	0
金鸻	Pluvialis fulva	Pacific Golden Plover	23	21	0
长嘴剑鸻	Charadrius placidus	Long-billed Plover	2	2	0
金眶鸻	Charadrius dubius	Little Ringed Plover	20	20	0
白脸鸻	Charadrius dealbatus	White-faced Plover	2	2	0
灰鸻	Pluvialis squatarola	Grey Plover	26	24	0
环颈鸻	Charadrius alexandrinus	Kentish Plover	33	28	0
彩鹬	Rostratula benghalensis	Greater Painted-snipe	1	1	0
蒙古沙鸻	Charadrius mongolus	Lesser Sand Plover	15	13	0
青藏沙鸻	Charadrius atrifrons	Tibetan Sand Plover	4	4	0
铁嘴沙鸻	Charadrius leschenaultii	Greater Sand Plover	21	19	0
水雉	Hydrophasianus chirurgus	Pheasant-tailed Jacana	4	4	0
中杓鹬	Numenius phaeopus	Whimbrel	13	13	0
白腰杓鹬	Numenius arquata	Eurasian Curlew	29	25	0
翻石鹬	Arenaria interpres	Ruddy Turnstone	15	15	0
大滨鹬	Calidris tenuirostris	Great Knot	10	10	0
红腹滨鹬	Calidris canutus	Red Knot	6	6	0
尖尾滨鹬	Calidris acuminata	Sharp-tailed Sandpiper	3	3	0
弯嘴滨鹬	Calidris ferruginea	Curlew Sandpiper	12	11	0
青脚滨鹬	Calidris temminckii	Temminck's Stint	11	11	0
铜翅水雉	Metopidius indicus	Bronze-winged Jacana	1	1	0
大杓鹬	Numenius madagascariensis	Far Eastern Curlew	4	3	0
斑尾塍鹬	Limosa lapponica	Bar-tailed Godwit	7	7	0
黑尾塍鹬	Limosa limosa	Black-tailed Godwit	5	5	0
流苏鹬	Calidris pugnax	Ruff	1	1	0
阔嘴鹬	Calidris falcinellus	Broad-billed Sandpiper	7	7	0
勺嘴鹬	Calidris pygmaea	Spoon-billed Sandpiper	7	6	0
红颈滨鹬	Calidris ruficollis	Red-necked Stint	19	18	0
三趾滨鹬	Calidris alba	Sanderling	4	4	0
长趾滨鹬	Calidris subminuta	Long-toed Stint	5	5	0
小滨鹬	Calidris minuta	Little Stint	2	2	0
黑腹滨鹬	Calidris alpina	Dunlin	28	24	1
长嘴半蹼鹬	Limnodromus scolopaceus	Long-billed Dowitcher	1	1	0
矶鹬	Actitis hypoleucos	Common Sandpiper	30	29	1
大沙锥	Gallinago megala	Swinhoe's Snipe	1	1	0
翘嘴鹬	Xenus cinereus	Terek Sandpiper	13	11	0
扇尾沙锥	Gallinago gallinago	Common Snipe	19	19	0
鹤鹬	Tringa erythropus	Spotted Redshank	12	12	0
白腰草鹬	Tringa ochropus	Green Sandpiper	13	13	0
灰尾漂鹬	Tringa brevipes	Grey-tailed Tattler	2	2	0
青脚鹬	Tringa nebularia	Common Greenshank	55	48	1
红脚鹬	Tringa totanus	Common Redshank	22	22	0
林鹬	Tringa glareola	Wood Sandpiper	18	18	0
泽鹬	Tringa stagnatilis	Marsh Sandpiper	14	13	0
普通燕鸻	Glareola maldivarum	Oriental Pratincole	5	5	0
棕头鸥	Chroicocephalus brunnicephalus	Brown-headed Gull	1	0	1
小青脚鹬	Tringa guttifer	Spotted Greenshank	3	3	0
灰燕鸻	Glareola lactea	Small Pratincole	2	2	0
红嘴鸥	Chroicocephalus ridibundus	Black-headed Gull	41	37	0
遗鸥	Ichthyaetus relictus	Relict Gull	1	1	0
黑嘴鸥	Saundersilarus saundersi	Saunders's Gull	17	15	0
小鸥	Hydrocoloeus minutus	Little Gull	1	1	0
普通海鸥	Larus canus	Mew Gull	5	5	0
渔鸥	Ichthyaetus ichthyaetus	Pallas's Gull	1	0	1
黑尾鸥	Larus crassirostris	Black-tailed Gull	8	8	0
北极鸥	Larus hyperboreus	Glaucous Gull	1	1	0
灰背鸥	Larus schistisagus	Slaty-backed Gull	2	2	0
鸥嘴噪鸥	Gelochelidon nilotica	Common Gull-billed Tern	7	6	0
红嘴巨燕鸥	Hydroprogne caspia	Caspian Tern	39	34	1
中华凤头燕鸥	Thalasseus bernsteini	Chinese Crested Tern	2	2	0
灰翅浮鸥	Chlidonias hybrida	Whiskered Tern	12	11	0
栗鸮	Phodilus badius	Oriental Bay Owl	1	1	0
仓鸮	Tyto javanica	Eastern Barn Owl	2	2	0
领鸺鹠	Glaucidium brodiei	Collared Owlet	7	7	0
西伯利亚银鸥	Larus vegae	Vega Gull	19	19	0
小黑背银鸥	Larus fuscus	Lesser Black-backed Gull	10	9	1
大凤头燕鸥	Thalasseus bergii	Greater Crested Tern	3	3	0
白额燕鸥	Sternula albifrons	Little Tern	6	6	0
河燕鸥	Sterna aurantia	River Tern	1	1	0
扁嘴海雀	Synthliboramphus antiquus	Ancient Murrelet	1	1	0
草鸮	Tyto longimembris	Eastern Grass Owl	2	2	0
红角鸮	Otus sunia	Oriental Scops Owl	1	1	0
斑头鸺鹠	Glaucidium cuculoides	Asian Barred Owlet	3	3	0
领角鸮	Otus lettia	Collared Scops Owl	4	3	1
黄嘴角鸮	Otus spilocephalus	Mountain Scops Owl	3	3	0
短耳鸮	Asio flammeus	Short-eared Owl	11	11	0
长尾林鸮	Strix uralensis	Ural Owl	1	1	0
灰林鸮	Strix nivicolum	Himalayan Owl	1	1	0
黑翅鸢	Elanus caeruleus	Black-shouldered Kite	20	20	0
胡兀鹫	Gypaetus barbatus	Bearded Vulture	1	1	0
黑冠鹃隼	Aviceda leuphotes	Black Baza	1	1	0
褐林鸮	Strix leptogrammica	Brown Wood Owl	1	1	0
黄腿渔鸮	Ketupa flavipes	Tawny Fish Owl	1	1	0
鹗	Pandion haliaetus	Osprey	19	19	0
凤头蜂鹰	Pernis ptilorhynchus	Oriental Honey-buzzard	1	1	0
高山兀鹫	Gyps himalayensis	Himalayan Griffon	1	0	1
林雕	Ictinaetus malaiensis	Black Eagle	19	18	1
秃鹫	Aegypius monachus	Cinereous Vulture	1	1	0
鹰雕	Nisaetus nipalensis	Mountain Hawk Eagle	1	1	0
白肩雕	Aquila heliaca	Imperial Eagle	3	3	0
乌雕	Clanga clanga	Greater Spotted Eagle	2	2	0
草原雕	Aquila nipalensis	Steppe Eagle	1	0	1
褐耳鹰	Accipiter badius	Shikra	2	2	0
金雕	Aquila chrysaetos	Golden Eagle	2	1	1
凤头鹰	Accipiter trivirgatus	Crested Goshawk	5	5	0
蛇雕	Spilornis cheela	Crested Serpent Eagle	16	16	0
松雀鹰	Accipiter virgatus	Besra	5	5	0
日本松雀鹰	Accipiter gularis	Japanese Sparrow Hawk	2	2	0
苍鹰	Accipiter gentilis	Northern Goshawk	1	1	0
雀鹰	Accipiter nisus	Eurasian Sparrow Hawk	6	6	0
鹊鹞	Circus melanoleucos	Pied Harrier	2	2	0
白腹鹞	Circus spilonotus	Eastern Marsh Harrier	7	6	1
白尾鹞	Circus cyaneus	Hen Harrier	1	1	0
赤腹鹰	Accipiter soloensis	Chinese Goshawk	2	2	0
白尾海雕	Haliaeetus albicilla	White-tailed Sea Eagle	3	3	0
黑鸢	Milvus migrans	Black Kite	38	36	0
毛脚鵟	Buteo lagopus	Rough-legged Buzzard	2	2	0
灰脸鵟鹰	Butastur indicus	Grey-faced Buzzard	2	2	0
大鵟	Buteo hemilasius	Upland Buzzard	7	6	1
普通鵟	Buteo japonicus	Eastern Buzzard	13	13	0
红头咬鹃	Harpactes erythrocephalus	Red-headed Trogon	2	2	0
戴胜	Upupa epops	Eurasian Hoopoe	10	9	0
蓝须夜蜂虎	Nyctyornis athertoni	Blue-bearded Bee Eater	1	1	0
白胸翡翠	Halcyon smyrnensis	White-throated Kingfisher	18	18	0
栗喉蜂虎	Merops philippinus	Blue-tailed Bee Eater	2	2	0
斑鱼狗	Ceryle rudis	Pied Kingfisher	18	17	0
斑姬啄木鸟	Picumnus innominatus	Speckled Piculet	10	10	0
蓝翡翠	Halcyon pileata	Black-capped Kingfisher	3	3	0
大拟啄木鸟	Psilopogon virens	Great Barbet	19	17	2
金喉拟啄木鸟	Psilopogon franklinii	Golden-throated Barbet	1	1	0
黑眉拟啄木鸟	Psilopogon faber	Chinese Barbet	6	6	0
普通翠鸟	Alcedo atthis	Common Kingfisher	34	34	0
蚁䴕	Jynx torquilla	Wryneck	1	1	0
白眉棕啄木鸟	Sasia ochracea	White-browed Piculet	1	0	1
大金背啄木鸟	Chrysocolaptes guttacristatus	Greater Flameback	2	2	0
黄嘴栗啄木鸟	Blythipicus pyrrhotis	Bay Woodpecker	9	9	0
大黄冠啄木鸟	Chrysophlegma flavinucha	Greater Yellow-naped Woodpecker	4	4	0
栗啄木鸟	Micropternus brachyurus	Rufous Woodpecker	8	7	1
黄冠啄木鸟	Picus chlorolophus	Lesser Yellow-naped Woodpecker	1	1	0
星头啄木鸟	Picoides canicapillus	Grey-capped Woodpecker	3	3	0
灰头绿啄木鸟	Picus canus	Grey-faced Woodpecker	7	6	1
灰喉山椒鸟	Pericrocotus solaris	Grey-chinned Minivet	18	17	1
大斑啄木鸟	Dendrocopos major	Great Spotted Woodpecker	8	8	0
白背啄木鸟	Dendrocopos leucotos	White-backed Woodpecker	1	1	0
红隼	Falco tinnunculus	Common Kestrel	22	22	0
猎隼	Falco cherrug	Saker Falcon	1	0	1
黑枕黄鹂	Oriolus chinensis	Black-naped Oriole	2	2	0
朱鹂	Oriolus traillii	Maroon Oriole	1	1	0
栗喉鵙鹛	Pteruthius melanotis	Black-eared Shrike-babbler	3	2	1
赤胸啄木鸟	Dryobates cathpharius	Scarlet-breasted Woodpecker	3	1	2
黄颈啄木鸟	Dendrocopos darjellensis	Brown-throated Woodpecker	1	1	0
灰背隼	Falco columbarius	Merlin	1	1	0
游隼	Falco peregrinus	Peregrine Falcon	16	16	0
亚历山大鹦鹉	Psittacula eupatria	Alexandrine Parakeet	1	1	0
白腹凤鹛	Erpornis zantholeuca	White-bellied Erpornis	10	9	1
红翅鵙鹛	Pteruthius aeralatus	Blyth's Shrike-babbler	2	2	0
赤红山椒鸟	Pericrocotus speciosus	Scarlet Minivet	20	20	0
灰卷尾	Dicrurus leucophaeus	Ashy Drongo	3	3	0
淡绿鵙鹛	Pteruthius xanthochlorus	Green Shrike-babbler	2	2	0
大鹃鵙	Coracina macei	Large Cuckooshrike	1	1	0
褐背鹟鵙	Hemipus picatus	Bar-winged Flycatcher-shrike	1	1	0
钩嘴林鵙	Tephrodornis virgatus	Large Woodshrike	1	1	0
白喉扇尾鹟	Rhipidura albicollis	White-throated Fantail	4	4	0
黑卷尾	Dicrurus macrocercus	Black Drongo	10	9	0
红尾伯劳	Lanius cristatus	Brown Shrike	4	4	0
暗灰鹃鵙	Lalage melaschistos	Black-winged Cuckooshrike	4	4	0
灰燕鵙	Artamus fuscus	Ashy Woodswallow	2	2	0
古铜色卷尾	Dicrurus aeneus	Bronzed Drongo	4	2	2
小盘尾	Dicrurus remifer	Lesser Racket-tailed Drongo	1	1	0
发冠卷尾	Dicrurus hottentottus	Hair-crested Drongo	2	2	0
大盘尾	Dicrurus paradiseus	Greater Racket-tailed Drongo	2	2	0
黑枕王鹟	Hypothymis azurea	Black-naped Monarch	2	2	0
牛头伯劳	Lanius bucephalus	Bull-headed Shrike	1	1	0
棕背伯劳	Lanius schach	Long-tailed Shrike	74	72	0
红嘴山鸦	Pyrrhocorax pyrrhocorax	Red-billed Chough	1	0	1
灰背伯劳	Lanius tephronotus	Grey-backed Shrike	1	1	0
楔尾伯劳	Lanius sphenocercus	Chinese Grey Shrike	1	1	0
松鸦	Garrulus glandarius	Eurasian Jay	3	3	0
黑额树鹊	Dendrocitta frontalis	Collared Treepie	3	2	1
黄嘴山鸦	Pyrrhocorax graculus	Alpine Chough	1	0	1
灰喜鹊	Cyanopica cyanus	Azure-winged Magpie	12	12	0
黄嘴蓝鹊	Urocissa flavirostris	Yellow-billed Blue Magpie	2	2	0
红嘴蓝鹊	Urocissa erythroryncha	Red-billed Blue Magpie	22	21	1
蓝绿鹊	Cissa chinensis	Common Green Magpie	3	2	0
灰树鹊	Dendrocitta formosae	Grey Treepie	15	15	0
塔尾树鹊	Temnurus temnurus	Ratchet-tailed Treepie	1	1	0
大嘴乌鸦	Corvus macrorhynchos	Large-billed Crow	17	16	1
喜鹊	Pica serica	Oriental Magpie	60	60	0
秃鼻乌鸦	Corvus frugilegus	Rook	1	1	0
小嘴乌鸦	Corvus corone	Carrion Crow	4	4	0
白颈鸦	Corvus pectoralis	Collared Crow	13	13	0
黄腹扇尾鹟	Chelidorhynx hypoxanthus	Yellow-bellied Fantail	7	5	2
渡鸦	Corvus corax	Northern Raven	1	0	1
黑冠山雀	Periparus rubidiventris	Rufous-vented Tit	1	1	0
方尾鹟	Culicicapa ceylonensis	Grey-headed Canary-flycatcher	2	2	0
黄眉林雀	Sylviparus modestus	Yellow-browed Tit	2	2	0
冕雀	Melanochlora sultanea	Sultan Tit	1	1	0
大山雀	Parus minor	Japanese Tit	55	52	2
煤山雀	Periparus ater	Coal Tit	3	3	0
褐冠山雀	Lophophanes dichrous	Grey Crested Tit	2	2	0
地山雀	Pseudopodoces humilis	Ground Tit	1	0	1
黄腹山雀	Pardaliparus venustulus	Yellow-bellied Tit	2	2	0
沼泽山雀	Poecile palustris	Marsh Tit	7	7	0
绿背山雀	Parus monticolus	Green-backed Tit	4	4	0
小云雀	Alauda gulgula	Oriental Skylark	12	12	0
黄颊山雀	Machlolophus spilonotus	Yellow-cheeked Tit	8	5	2
中华攀雀	Remiz consobrinus	Chinese Penduline Tit	3	3	0
云雀	Alauda arvensis	Eurasian Skylark	6	6	0
黄臀鹎	Pycnonotus xanthorrhous	Brown-breasted Bulbul	1	1	0
喜山山鹪莺	Prinia crinigera	Himalayan Prinia	1	1	0
纯色山鹪莺	Prinia inornata	Plain Prinia	70	67	0
长尾缝叶莺	Orthotomus sutorius	Common Tailorbird	31	30	1
东方大苇莺	Acrocephalus orientalis	Oriental Reed Warbler	6	5	0
黑眉苇莺	Acrocephalus bistrigiceps	Black-browed Reed Warbler	1	1	0
小鳞胸鹪鹛	Pnoepyga pusilla	Pygmy Cupwing	15	15	0
高山短翅蝗莺	Locustella mandelli	Russet Bush Warbler	2	2	0
灰喉沙燕	Riparia chinensis	Grey-throated Martin	1	1	0
崖沙燕	Riparia riparia	Sand Martin	1	1	0
淡色崖沙燕	Riparia diluta	Pale Martin	4	4	0
家燕	Hirundo rustica	Barn Swallow	55	53	1
烟腹毛脚燕	Delichon dasypus	Asian House Martin	4	3	1
黑喉山雀	Poecile hypermelaenus	Black-bibbed Tit	1	1	0
棕扇尾莺	Cisticola juncidis	Zitting Cisticola	9	9	0
金头扇尾莺	Cisticola exilis	Golden-headed Cisticola	2	2	0
白喉山鹪莺	Prinia superciliaris	Hill Prinia	5	5	0
黄腹山鹪莺	Prinia flaviventris	Yellow-bellied Prinia	62	58	0
金腰燕	Cecropis daurica	Red-rumped Swallow	31	29	1
领雀嘴鹎	Spizixos semitorques	Collared Finchbill	4	4	0
红耳鹎	Pycnonotus jocosus	Red-whiskered Bulbul	56	52	2
白头鹎	Pycnonotus sinensis	Light-vented Bulbul	115	100	3
黑喉红臀鹎	Pycnonotus cafer	Red-vented Bulbul	4	3	1
白喉红臀鹎	Pycnonotus aurigaster	Sooty-headed Bulbul	48	43	1
黄腹冠鹎	Alophoixus flaveolus	White-throated Bulbul	1	1	0
白喉冠鹎	Alophoixus pallidus	Puff-throated Bulbul	1	1	0
灰眼短脚鹎	Iole propinqua	Grey-eyed Bulbul	1	1	0
绿翅短脚鹎	Ixos mcclellandii	Mountain Bulbul	14	14	0
灰脸鹟莺	Phylloscopus poliogenys	Grey-cheeked Warbler	1	1	0
栗背短脚鹎	Hemixos castanonotus	Chestnut Bulbul	18	18	0
黑短脚鹎	Hypsipetes leucocephalus	Black Bulbul	27	26	1
栗耳短脚鹎	Hypsipetes amaurotis	Brown-eared Bulbul	4	4	0
灰喉柳莺	Phylloscopus maculipennis	Ashy-throated Warbler	3	2	1
黄眉柳莺	Phylloscopus inornatus	Yellow-browed Warbler	22	22	0
淡黄腰柳莺	Phylloscopus chloronotus	Lemon-rumped Warbler	1	1	0
黄腰柳莺	Phylloscopus proregulus	Pallas's Leaf Warbler	10	10	0
褐柳莺	Phylloscopus fuscatus	Dusky Warbler	39	39	0
冕柳莺	Phylloscopus coronatus	Eastern Crowned Warbler	3	3	0
双斑绿柳莺	Phylloscopus plumbeitarsus	Two-barred Warbler	2	2	0
淡脚柳莺	Phylloscopus tenellipes	Pale-legged Leaf Warbler	1	1	0
极北柳莺	Phylloscopus borealis	Arctic Warbler	3	3	0
栗头鹟莺	Phylloscopus castaniceps	Chestnut-crowned Warbler	2	2	0
黑脸鹟莺	Abroscopus schisticeps	Black-faced Warbler	1	1	0
白眶鹟莺	Phylloscopus intermedius	White-spectacled Warbler	1	1	0
华南冠纹柳莺	Phylloscopus goodsoni	Hartert's Leaf Warbler	2	2	0
海南柳莺	Phylloscopus hainanus	Hainan Leaf Warbler	2	1	0
灰头柳莺	Phylloscopus xanthoschistos	Grey-hooded Warbler	1	1	0
栗头织叶莺	Phyllergates cucullatus	Mountain Tailorbird	1	1	0
强脚树莺	Horornis fortipes	Brown-flanked Bush Warbler	9	9	0
棕脸鹟莺	Abroscopus albogularis	Rufous-faced Warbler	4	4	0
金冠地莺	Tesia olivea	Slaty-bellied Tesia	1	1	0
鳞头树莺	Urosphena squameiceps	Asian Stubtail	1	1	0
北长尾山雀	Aegithalos caudatus	Long-tailed Tit	5	5	0
银喉长尾山雀	Aegithalos glaucogularis	Silver-throated Bushtit	7	7	0
红头长尾山雀	Aegithalos concinnus	Black-throated Bushtit	20	19	1
棕额长尾山雀	Aegithalos iouschistos	Rufous-fronted Bushtit	2	2	0
黑眉长尾山雀	Aegithalos bonvaloti	Black-browed Bushtit	2	2	0
银脸长尾山雀	Aegithalos fuliginosus	Sooty Bushtit	1	1	0
凤头雀莺	Leptopoecile elegans	Crested Tit-warbler	1	1	0
火尾绿鹛	Myzornis pyrrhoura	Fire-tailed Myzornis	3	2	1
中华雀鹛	Fulvetta striaticollis	Chinese Fulvetta	1	1	0
路氏雀鹛	Fulvetta ludlowi	Brown-throated Fulvetta	1	1	0
山鹛	Rhopophilus pekinensis	Beijing Hill-warbler	1	1	0
棕头鸦雀	Sinosuthora webbiana	Vinous-throated Parrotbill	5	5	0
短尾鸦雀	Neosuthora davidiana	Short-tailed Parrotbill	1	1	0
黑眉鸦雀	Chleuasicus atrosuperciliaris	Pale-billed Parrotbill	1	1	0
白胸鸦雀	Psittiparus ruficeps	White-breasted Parrotbill	1	1	0
红头鸦雀	Psittiparus bakeri	Rufous-headed Parrotbill	1	1	0
灰头鸦雀	Psittiparus gularis	Grey-headed Parrotbill	4	4	0
白领凤鹛	Parayuhina diademata	White-collared Yuhina	1	1	0
栗耳凤鹛	Staphida castaniceps	Striated Yuhina	1	1	0
栗颈凤鹛	Staphida torqueola	Indochinese Yuhina	5	5	0
白颈凤鹛	Parayuhina bakeri	White-naped Yuhina	1	1	0
黄颈凤鹛	Yuhina flavicollis	Whiskered Yuhina	4	3	1
纹喉凤鹛	Yuhina gularis	Stripe-throated Yuhina	3	3	0
棕臀凤鹛	Yuhina occipitalis	Rufous-vented Yuhina	1	1	0
黑颏凤鹛	Yuhina nigrimenta	Black-chinned Yuhina	1	0	1
暗绿绣眼鸟	Zosterops simplex	Swinhoe's White-eye	65	62	1
白头鵙鹛	Gampsorhynchus rufulus	White-hooded Babbler	2	2	0
点胸鸦雀	Paradoxornis guttaticollis	Spot-breasted Parrotbill	1	1	0
长嘴钩嘴鹛	Erythrogenys hypoleucos	Large Scimitar Babbler	4	3	0
华南斑胸钩嘴鹛	Erythrogenys swinhoei	Grey-sided Scimitar Babbler	8	7	1
棕颈钩嘴鹛	Pomatorhinus ruficollis	Streak-breasted Scimitar Babbler	20	19	1
红嘴钩嘴鹛	Pomatorhinus ferruginosus	Coral-billed Scimitar Babbler	1	0	1
细嘴钩嘴鹛	Pomatorhinus superciliaris	Slender-billed Scimitar Babbler	1	1	0
斑颈穗鹛	Stachyris strialata	Spot-necked Babbler	1	1	0
红头穗鹛	Cyanoderma ruficeps	Rufous-capped Babbler	20	18	1
金头穗鹛	Cyanoderma chrysaeum	Golden Babbler	1	1	0
黄喉穗鹛	Cyanoderma ambiguum	Buff-chested Babbler	1	1	0
黄喉雀鹛	Schoeniparus cinereus	Yellow-throated Fulvetta	2	1	1
栗头雀鹛	Schoeniparus castaneceps	Rufous-winged Fulvetta	6	5	1
褐顶雀鹛	Schoeniparus brunneus	Dusky Fulvetta	1	1	0
斑胸钩嘴鹛	Erythrogenys gravivox	Black-streaked Scimitar Babbler	1	1	0
纹胸鹪鹛	Napothera epilepidota	Eyebrowed Wren-babbler	1	1	0
棕胸雅鹛	Pellorneum tickelli	Buff-breasted Babbler	1	1	0
褐脸雀鹛	Alcippe poioicephala	Brown-cheeked Fulvetta	1	1	0
栗颈噪鹛	Pterorhinus ruficollis	Rufous-necked Laughingthrush	1	1	0
棕头幽鹛	Pellorneum ruficeps	Puff-throated Babbler	2	2	0
灰眶雀鹛	Alcippe davidi	David's Fulvetta	2	2	0
淡眉雀鹛	Alcippe hueti	Huet's Fulvetta	14	14	0
白眶雀鹛	Alcippe nipalensis	Nepal Fulvetta	1	1	0
画眉	Garrulax canorus	Chinese Hwamei	15	14	0
小黑领噪鹛	Garrulax monileger	Lesser Necklaced Laughingthrush	2	2	0
白冠噪鹛	Garrulax leucolophus	White-crested Laughingthrush	1	0	1
栗颊噪鹛	Garrulax castanotis	Rufous-cheeked Laughingthrush	2	2	0
黑喉噪鹛	Pterorhinus chinensis	Black-throated Laughingthrush	3	3	0
黑领噪鹛	Pterorhinus pectoralis	Greater Necklaced Laughingthrush	4	4	0
黑脸噪鹛	Pterorhinus perspicillatus	Masked Laughingthrush	40	39	1
短尾鹪鹛	Gypsophila brevicaudata	Streaked Wren-babbler	1	1	0
白颊噪鹛	Pterorhinus sannio	White-browed Laughingthrush	29	28	1
山噪鹛	Pterorhinus davidi	Plain Laughingthrush	1	1	0
条纹噪鹛	Grammatoptila striata	Striated Laughingthrush	2	2	0
矛纹草鹛	Pterorhinus lanceolatus	Chinese Babax	1	1	0
蓝翅噪鹛	Trochalopteron squamatum	Blue-winged Laughingthrush	2	1	1
红尾噪鹛	Trochalopteron milnei	Red-tailed Laughingthrush	1	1	0
灰胁噪鹛	Pterorhinus caerulatus	Grey-sided Laughingthrush	2	2	0
黑顶噪鹛	Trochalopteron affine	Black-faced Laughingthrush	3	2	1
灰腹噪鹛	Trochalopteron henrici	Brown-cheeked Laughingthrush	3	3	0
橙翅噪鹛	Trochalopteron elliotii	Elliot's Laughingthrush	1	1	0
红头噪鹛	Trochalopteron erythrocephalum	Chestnut-crowned Laughingthrush	2	2	0
栗额斑翅鹛	Actinodura egertoni	Rusty-fronted Barwing	1	1	0
火尾希鹛	Minla ignotincta	Red-tailed Minla	3	2	1
蓝翅希鹛	Actinodura cyanouroptera	Blue-winged Minla	5	5	0
纹胸斑翅鹛	Actinodura waldeni	Streak-throated Barwing	2	1	1
绒额䴓	Sitta frontalis	Velvet-fronted Nuthatch	1	1	0
银耳相思鸟	Leiothrix argentauris	Silver-eared Mesia	2	2	0
栗背奇鹛	Leioptila annectens	Rufous-backed Sibia	2	2	0
丽色奇鹛	Heterophasia pulchella	Beautiful Sibia	4	3	1
普通䴓	Sitta europaea	Eurasian Nuthatch	1	1	0
栗臀䴓	Sitta nagaensis	Chestnut-vented Nuthatch	3	3	0
白尾䴓	Sitta himalayensis	White-tailed Nuthatch	1	1	0
红嘴相思鸟	Leiothrix lutea	Red-billed Leiothrix	4	4	0
霍氏旋木雀	Certhia hodgsoni	Hodgson's Treecreeper	2	2	0
四川旋木雀	Certhia tianquanensis	Sichuan Treecreeper	1	1	0
黑领椋鸟	Gracupica nigricollis	Black-collared Starling	78	73	1
淡紫䴓	Sitta solangiae	Yellow-billed Nuthatch	1	1	0
丽䴓	Sitta formosa	Beautiful Nuthatch	1	0	1
红翅旋壁雀	Tichodroma muraria	Wallcreeper	1	0	1
鹪鹩	Troglodytes troglodytes	Eurasian Wren	4	4	0
褐河乌	Cinclus pallasii	Brown Dipper	1	1	0
家八哥	Acridotheres tristis	Common Myna	5	5	0
丝光椋鸟	Spodiopsar sericeus	Red-billed Starling	12	12	0
灰椋鸟	Spodiopsar cineraceus	White-cheeked Starling	9	9	0
黑头䴓	Sitta villosa	Chinese Nuthatch	1	1	0
河乌	Cinclus cinclus	White-throated Dipper	1	1	0
八哥	Acridotheres cristatellus	Crested Myna	59	54	1
白领八哥	Acridotheres albocinctus	Collared Myna	1	1	0
灰背椋鸟	Sturnia sinensis	White-shouldered Starling	14	12	0
喜山淡背地鸫	Zoothera salimalii	Himalayan Thrush	1	0	1
橙头地鸫	Geokichla citrina	Orange-headed Thrush	2	2	0
灰头椋鸟	Sturnia malabarica	Chestnut-tailed Starling	2	2	0
长尾地鸫	Zoothera dixoni	Long-tailed Thrush	1	1	0
黑胸鸫	Turdus dissimilis	Black-breasted Thrush	3	3	0
虎斑地鸫	Zoothera aurea	White's Thrush	2	2	0
蓝大翅鸲	Grandala coelicolor	Grandala	1	1	0
灰背鸫	Turdus hortulorum	Grey-backed Thrush	5	5	0
白颈鸫	Turdus albocinctus	White-collared Blackbird	2	2	0
乌灰鸫	Turdus cardis	Japanese Thrush	1	1	0
白眉鸫	Turdus obscurus	Eyebrowed Thrush	2	2	0
乌鸫	Turdus mandarinus	Chinese Blackbird	49	45	0
灰头鸫	Turdus rubrocanus	Chestnut Thrush	1	1	0
红尾斑鸫	Turdus naumanni	Naumann's Thrush	1	1	0
赤颈鸫	Turdus ruficollis	Red-throated Thrush	2	2	0
鹊鸲	Copsychus saularis	Oriental Magpie-robin	89	80	1
北灰鹟	Muscicapa dauurica	Asian Brown Flycatcher	7	7	0
白腰鹊鸲	Copsychus malabaricus	White-rumped Shama	1	1	0
纯蓝仙鹟	Cyornis unicolor	Pale Blue Flycatcher	3	3	0
海南蓝仙鹟	Cyornis hainanus	Hainan Blue Flycatcher	6	6	0
山蓝仙鹟	Cyornis whitei	Hill Blue Flycatcher	6	6	0
白尾蓝仙鹟	Cyornis concretus	White-tailed Flycatcher	1	1	0
棕腹大仙鹟	Niltava davidi	Fujian Niltava	1	1	0
棕腹仙鹟	Niltava sundara	Rufous-bellied Niltava	2	2	0
大仙鹟	Niltava grandis	Large Niltava	1	1	0
白腹蓝鹟	Cyanoptila cyanomelana	Blue-and-white Flycatcher	5	5	0
小仙鹟	Niltava macgrigoriae	Small Niltava	1	1	0
铜蓝鹟	Eumyias thalassinus	Verditer Flycatcher	7	7	0
白喉短翅鸫	Brachypteryx leucophris	Lesser Shortwing	5	5	0
栗背短翅鸫	Heteroxenicus stellatus	Gould's Shortwing	1	1	0
喜山蓝短翅鸫	Brachypteryx cruralis	Himalayan Shortwing	1	1	0
红尾歌鸲	Larvivora sibilans	Rufous-tailed Robin	1	1	0
蓝歌鸲	Larvivora cyane	Siberian Blue Robin	1	1	0
白尾蓝地鸲	Myiomela leucura	White-tailed Robin	1	1	0
蓝喉歌鸲	Luscinia svecica	Bluethroat	6	6	0
白腹短翅鸲	Luscinia phaenicuroides	White-bellied Redstart	1	1	0
棕腹林鸲	Tarsiger hyperythrus	Rufous-breasted Bush Robin	3	1	2
蓝眉林鸲	Tarsiger rufilatus	Himalayan Bush-robin	2	2	0
红胁蓝尾鸲	Tarsiger cyanurus	Orange-flanked Bush-robin	5	4	1
金色林鸲	Tarsiger chrysaeus	Golden Bush Robin	1	1	0
小燕尾	Enicurus scouleri	Little Forktail	5	3	2
灰背燕尾	Enicurus schistaceus	Slaty-backed Forktail	7	6	1
白额燕尾	Enicurus leschenaulti	White-crowned Forktail	4	4	0
白眉姬鹟	Ficedula zanthopygia	Yellow-rumped Flycatcher	2	1	0
斑背燕尾	Enicurus maculatus	Spotted Forktail	3	2	1
紫啸鸫	Myophonus caeruleus	Blue Whistling Thrush	12	11	1
绿背姬鹟	Ficedula elisae	Green-backed Flycatcher	1	1	0
黄眉姬鹟	Ficedula narcissina	Narcissus Flycatcher	3	3	0
鸲姬鹟	Ficedula mugimaki	Mugimaki Flycatcher	3	3	0
橙胸姬鹟	Ficedula strophiata	Rufous-gorgeted Flycatcher	1	1	0
红胸姬鹟	Ficedula parva	Red-breasted Flycatcher	3	3	0
棕胸蓝姬鹟	Ficedula hyperythra	Snowy-browed Flycatcher	1	1	0
红喉姬鹟	Ficedula albicilla	Taiga Flycatcher	6	6	0
白顶溪鸲	Phoenicurus leucocephalus	White-capped Water-redstart	3	1	2
黑喉红尾鸲	Phoenicurus hodgsoni	Hodgson's Redstart	1	1	0
北红尾鸲	Phoenicurus auroreus	Daurian Redstart	33	32	1
蓝额红尾鸲	Phoenicurus frontalis	Blue-fronted Redstart	4	3	1
红尾水鸲	Phoenicurus fuliginosus	Plumbeous Water Redstart	6	5	1
蓝矶鸫	Monticola solitarius	Blue Rock Thrush	1	1	0
栗腹矶鸫	Monticola rufiventris	Chestnut-bellied Rock Thrush	2	2	0
白喉矶鸫	Monticola gularis	White-throated Rock Thrush	1	1	0
东亚石䳭	Saxicola stejnegeri	Stejneger's Stonechat	27	27	0
黑喉石䳭	Saxicola maurus	Siberian Stonechat	12	12	0
白斑黑石䳭	Saxicola caprata	Pied Bushchat	1	1	0
灰林䳭	Saxicola ferreus	Grey Bushchat	1	1	0
太平鸟	Bombycilla garrulus	Bohemian Waxwing	2	2	0
戴菊	Regulus regulus	Goldcrest	3	3	0
小太平鸟	Bombycilla japonica	Japanese Waxwing	1	1	0
朱背啄花鸟	Dicaeum cruentatum	Scarlet-backed Flowerpecker	5	5	0
丽星鹩鹛	Elachura formosa	Spotted Elachura	3	3	0
金额叶鹎	Chloropsis aurifrons	Golden-fronted Leafbird	1	1	0
橙腹叶鹎	Chloropsis lazulina	Grayish-crowned Leafbird	5	5	0
黄腹花蜜鸟	Cinnyris jugularis	Olive-backed Sunbird	2	2	0
红胸啄花鸟	Dicaeum ignipectus	Fire-breasted Flowerpecker	13	13	0
纹背捕蛛鸟	Arachnothera magna	Streaked Spiderhunter	1	1	0
叉尾太阳鸟	Aethopyga christinae	Fork-tailed Sunbird	46	46	0
黑胸太阳鸟	Aethopyga saturata	Black-throated Sunbird	2	2	0
绿喉太阳鸟	Aethopyga nipalensis	Green-tailed Sunbird	3	2	1
山麻雀	Passer cinnamomeus	Russet Sparrow	1	0	1
领岩鹨	Prunella collaris	Alpine Accentor	2	2	0
栗背岩鹨	Prunella immaculata	Maroon-backed Accentor	1	1	0
棕胸岩鹨	Prunella strophiata	Rufous-breasted Accentor	6	5	1
斑文鸟	Lonchura punctulata	Scaly-breasted Munia	19	19	0
白腰文鸟	Lonchura striata	White-rumped Munia	14	14	0
麻雀	Passer montanus	Eurasian Tree Sparrow	97	94	2
白腰雪雀	Onychostruthus taczanowskii	White-rumped Snowfinch	1	0	1
褐翅雪雀	Montifringilla adamsi	Black-winged Snowfinch	1	0	1
北鹨	Anthus gustavi	Pechora Pipit	2	2	0
黄腹鹨	Anthus rubescens	Buff-bellied Pipit	9	9	0
树鹨	Anthus hodgsoni	Olive-backed Pipit	30	27	1
红喉鹨	Anthus cervinus	Red-throated Pipit	9	9	0
白鹡鸰	Motacilla alba	White Wagtail	114	105	2
田鹨	Anthus richardi	Richard's Pipit	29	29	0
黄鹡鸰	Motacilla tschutschensis	Eastern Yellow Wagtail	37	37	0
灰鹡鸰	Motacilla cinerea	Grey Wagtail	13	13	0
黄颈拟蜡嘴雀	Mycerobas affinis	Collared Grosbeak	1	1	0
燕雀	Fringilla montifringilla	Brambling	7	6	1
长尾雀	Carpodacus sibiricus	Long-tailed Rosefinch	3	3	0
锡嘴雀	Coccothraustes coccothraustes	Hawfinch	4	4	0
黑尾蜡嘴雀	Eophona migratoria	Chinese Grosbeak	10	10	0
棕朱雀	Carpodacus edwardsii	Dark-rumped Rosefinch	4	4	0
红眉朱雀	Carpodacus pulcherrimus	Himalayan Beautiful Rosefinch	2	2	0
北朱雀	Carpodacus roseus	Pallas's Rosefinch	2	2	0
灰头灰雀	Pyrrhula erythaca	Grey-headed Bullfinch	4	3	1
斑翅朱雀	Carpodacus trifasciatus	Three-banded Rosefinch	2	2	0
白眉朱雀	Carpodacus dubius	Chinese White-browed Rosefinch	2	2	0
红颈苇鹀	Emberiza yessoensis	Japanese Reed Bunting	1	1	0
红腹灰雀	Pyrrhula pyrrhula	Eurasian Bullfinch	2	2	0
金翅雀	Chloris sinica	Oriental Greenfinch	20	19	1
藏黄雀	Spinus thibetanus	Tibetan Serin	1	1	0
黑头鹀	Emberiza melanocephala	Black-headed Bunting	2	2	0
栗耳鹀	Emberiza fucata	Chestnut-eared Bunting	10	10	0
芦鹀	Emberiza schoeniclus	Common Reed Bunting	1	1	0
黄雀	Spinus spinus	Eurasian Siskin	1	1	0
褐头鹀	Emberiza bruniceps	Red-headed Bunting	1	1	0
黄喉鹀	Emberiza elegans	Yellow-throated Bunting	1	1	0
蓝鹀	Emberiza siemsseni	Slaty Bunting	1	1	0
苇鹀	Emberiza pallasi	Pallas's Reed Bunting	3	3	0
黄胸鹀	Emberiza aureola	Yellow-breasted Bunting	2	2	0
田鹀	Emberiza rustica	Rustic Bunting	6	6	0
小鹀	Emberiza pusilla	Little Bunting	14	14	0
灰头鹀	Emberiza spodocephala	Black-faced Bunting	43	42	0
硫黄鹀	Emberiza sulphurata	Yellow Bunting	6	6	0
白眉鹀	Emberiza tristrami	Tristram's Bunting	2	2	0
黄眉鹀	Emberiza chrysophrys	Yellow-browed Bunting	7	7	0
