4001	环颈山鹧鸪	Arborophila torqueola	Common Hill Partridge	鸡形目	雉科
4002	四川山鹧鸪	Arborophila rufipectus	Sichuan Hill Partridge	鸡形目	雉科
4003	红胸山鹧鸪	Arborophila mandellii	Chestnut-breasted Hill Partridge	鸡形目	雉科
4004	白眉山鹧鸪	Arborophila gingica	Rickett's Hill Partridge	鸡形目	雉科
4005	红喉山鹧鸪	Arborophila rufogularis	Rufous-throated Hill Partridge	鸡形目	雉科
4006	海南山鹧鸪	Arborophila ardens	Hainan Hill Partridge	鸡形目	雉科
4007	台湾山鹧鸪	Arborophila crudigularis	Taiwan Hill Partridge	鸡形目	雉科
4008	白颊山鹧鸪	Arborophila atrogularis	White-cheeked Hill Partridge	鸡形目	雉科
4009	褐胸山鹧鸪	Arborophila brunneopectus	Bar-backed Partridge	鸡形目	雉科
4010	雪鹑	Lerwa lerwa	Snow Partridge	鸡形目	雉科
4011	血雉	Ithaginis cruentus	Blood Pheasant	鸡形目	雉科
4012	黑头角雉	Tragopan melanocephalus	Western Tragopan	鸡形目	雉科
4013	红胸角雉	Tragopan satyra	Satyr Tragopan	鸡形目	雉科
4014	灰腹角雉	Tragopan blythii	Blyth’s Tragopan	鸡形目	雉科
4015	红腹角雉	Tragopan temminckii	Temminck’s Tragopan	鸡形目	雉科
4016	黄腹角雉	Tragopan caboti	Cabot’s Tragopan	鸡形目	雉科
4017	红喉雉鹑	Tetraophasis obscurus	Chestnut-throated Partridge	鸡形目	雉科
4018	黄喉雉鹑	Tetraophasis szechenyii	Buff-throated Partridge	鸡形目	雉科
4019	棕尾虹雉	Lophophorus impejanus	Himalayan Monal 	鸡形目	雉科
4020	白尾梢虹雉	Lophophorus sclateri	Sclater’s Monal 	鸡形目	雉科
4021	绿尾虹雉	Lophophorus lhuysii	Chinese Monal 	鸡形目	雉科
4022	勺鸡	Pucrasia macrolopha	Koklass Pheasant	鸡形目	雉科
4023	花尾榛鸡	Tetrastes bonasia	Hazel Grouse	鸡形目	雉科
4024	斑尾榛鸡	Tetrastes sewerzowi	Chinese Grouse	鸡形目	雉科
4025	柳雷鸟	Lagopus lagopus	Willow Grouse	鸡形目	雉科
4026	岩雷鸟	Lagopus muta	Rock Ptarmigan	鸡形目	雉科
4027	镰翅鸡	Falcipennis falcipennis	Siberian Spruce Grouse	鸡形目	雉科
4028	松鸡	Tetrao urogallus	Western Capercaillie	鸡形目	雉科
4029	黑嘴松鸡	Tetrao urogalloides	Black-billed Capercaillie	鸡形目	雉科
4030	黑琴鸡	Lyrurus tetrix	Black Grouse	鸡形目	雉科
4031	高原山鹑	Perdix hodgsoniae	Tibetan Partridge	鸡形目	雉科
4032	灰山鹑	Perdix perdix	Grey Partridge	鸡形目	雉科
4033	斑翅山鹑	Perdix dauurica	Daurian Partridge	鸡形目	雉科
4034	白冠长尾雉	Syrmaticus reevesii	Reeves’s Pheasant	鸡形目	雉科
4035	黑长尾雉	Syrmaticus mikado	Mikado Pheasant	鸡形目	雉科
4036	白颈长尾雉	Syrmaticus ellioti	Elliot’s Pheasant	鸡形目	雉科
4037	黑颈长尾雉	Syrmaticus humiae	Hume’s Pheasant	鸡形目	雉科
4038	红腹锦鸡	Chrysolophus pictus	Golden Pheasant	鸡形目	雉科
4039	白腹锦鸡	Chrysolophus amherstiae	Lady Amherst’s Pheasant	鸡形目	雉科
4040	环颈雉	Phasianus colchicus	Common Pheasant	鸡形目	雉科
4041	藏马鸡	Crossoptilon harmani	Tibetan Eared Pheasant	鸡形目	雉科
4042	白马鸡	Crossoptilon crossoptilon	White Eared Pheasant	鸡形目	雉科
4043	褐马鸡	Crossoptilon mantchuricum	Brown Eared Pheasant	鸡形目	雉科
4044	蓝马鸡	Crossoptilon auritum	Blue Eared Pheasant	鸡形目	雉科
4045	蓝腹鹇	Lophura swinhoii	Swinhoe’s Pheasant	鸡形目	雉科
4046	黑鹇	Lophura leucomelanos	Kalij Pheasant	鸡形目	雉科
4047	白鹇	Lophura nycthemera	Silver Pheasant	鸡形目	雉科
4048	绿孔雀	Pavo muticus	Green Peafowl	鸡形目	雉科
4049	绿脚树鹧鸪	Tropicoperdix chloropus	Green-legged Partridge	鸡形目	雉科
4050	海南孔雀雉	Polyplectron katsumatae	Hainan Peacock Pheasant	鸡形目	雉科
4051	灰孔雀雉	Polyplectron bicalcaratum	Grey Peacock Pheasant	鸡形目	雉科
4052	棕胸竹鸡	Bambusicola fytchii	Mountain Bamboo Partridge	鸡形目	雉科
4053	灰胸竹鸡	Bambusicola thoracicus	Chinese Bamboo Partridge	鸡形目	雉科
4054	台湾竹鸡	Bambusicola sonorivox	Taiwan Bamboo Partridge	鸡形目	雉科
4055	红原鸡	Gallus gallus	Red Junglefowl	鸡形目	雉科
4056	中华鹧鸪	Francolinus pintadeanus	Chinese Francolin	鸡形目	雉科
4057	藏雪鸡	Tetraogallus tibetanus	Tibetan Snowcock	鸡形目	雉科
4058	阿尔泰雪鸡	Tetraogallus altaicus	Altai Snowcock	鸡形目	雉科
4059	暗腹雪鸡	Tetraogallus himalayensis	Himalayan Snowcock	鸡形目	雉科
4060	蓝胸鹑	Synoicus chinensis	Blue-breasted Quail	鸡形目	雉科
4061	西鹌鹑	Coturnix coturnix	Common Quail	鸡形目	雉科
4062	鹌鹑	Coturnix japonica	Japanese Quail	鸡形目	雉科
4063	石鸡	Alectoris chukar	Chukar Partridge	鸡形目	雉科
4064	大石鸡	Alectoris magna	Przevalski’s Partridge	鸡形目	雉科
4065	白翅栖鸭	Asarcornis scutulata	White-winged Duck	雁形目	鸭科
4066	栗树鸭	Dendrocygna javanica	Lesser Whistling Duck 	雁形目	鸭科
4067	白头硬尾鸭	Oxyura leucocephala	White-headed Duck	雁形目	鸭科
4068	疣鼻天鹅	Cygnus olor	Mute Swan	雁形目	鸭科
4069	大天鹅	Cygnus cygnus	Whooper Swan	雁形目	鸭科
4070	小天鹅	Cygnus columbianus	Tundra Swan	雁形目	鸭科
4071	黑雁	Branta bernicla	Brant Goose	雁形目	鸭科
4072	白颊黑雁	Branta leucopsis	Barnacle Goose	雁形目	鸭科
4073	红胸黑雁	Branta ruficollis	Red-breasted Goose	雁形目	鸭科
4074	小美洲黑雁	Branta hutchinsii	Cackling Goose	雁形目	鸭科
4075	加拿大黑雁	Branta canadensis	Canada Goose	雁形目	鸭科
4076	雪雁	Anser caerulescens	Snow Goose	雁形目	鸭科
4077	斑头雁	Anser indicus	Bar-headed Goose	雁形目	鸭科
4078	灰雁	Anser anser	Graylag Goose	雁形目	鸭科
4079	鸿雁	Anser cygnoides	Swan Goose	雁形目	鸭科
4080	豆雁	Anser fabalis	Bean Goose	雁形目	鸭科
4081	短嘴豆雁	Anser serrirostris	Tundra Bean Goose	雁形目	鸭科
4082	白额雁	Anser albifrons	White-fronted Goose	雁形目	鸭科
4083	小白额雁	Anser erythropus	Lesser White-fronted Goose	雁形目	鸭科
4084	长尾鸭	Clangula hyemalis	Long-tailed Duck	雁形目	鸭科
4085	小绒鸭	Polysticta stelleri	Steller's Eider	雁形目	鸭科
4086	丝绒海番鸭	Melanitta fusca	Velvet Scoter 	雁形目	鸭科
4087	斑脸海番鸭	Melanitta stejnegeri	Siberian Scoter	雁形目	鸭科
4088	黑海番鸭	Melanitta americana	Black Scoter	雁形目	鸭科
4089	鹊鸭	Bucephala clangula	Common Goldeneye	雁形目	鸭科
4090	斑头秋沙鸭	Mergellus albellus	Smew	雁形目	鸭科
4091	普通秋沙鸭	Mergus merganser	Common Merganser	雁形目	鸭科
4092	中华秋沙鸭	Mergus squamatus	Chinese Merganser	雁形目	鸭科
4093	红胸秋沙鸭	Mergus serrator	Red-breasted Merganser	雁形目	鸭科
4094	丑鸭	Histrionicus histrionicus	Harlequin Duck	雁形目	鸭科
4095	翘鼻麻鸭	Tadorna tadorna	Common Shelduck	雁形目	鸭科
4096	赤麻鸭	Tadorna ferruginea	Ruddy Shelduck	雁形目	鸭科
4097	瘤鸭	Sarkidiornis melanotos	Comb duck	雁形目	鸭科
4098	棉凫	Nettapus coromandelianus	Cotton Pygmy Goose	雁形目	鸭科
4099	鸳鸯	Aix galericulata	Mandarin Duck	雁形目	鸭科
4100	云石斑鸭	Marmaronetta angustirostris  	Marbled  Teal	雁形目	鸭科
4101	赤嘴潜鸭	Netta rufina	Red-crested Pochard	雁形目	鸭科
4102	红头潜鸭	Aythya ferina	Common Pochard	雁形目	鸭科
4103	帆背潜鸭	Aythya valisineria	Canvasback	雁形目	鸭科
4104	青头潜鸭	Aythya baeri	Baer’s Pochard	雁形目	鸭科
4105	白眼潜鸭	Aythya nyroca	Ferruginous Duck	雁形目	鸭科
4106	环颈潜鸭	Aythya collaris	Ring-necked Duck	雁形目	鸭科
4107	凤头潜鸭	Aythya fuligula	Tufted Duck	雁形目	鸭科
4108	斑背潜鸭	Aythya marila	Greater Scaup	雁形目	鸭科
4109	小潜鸭	Aythya affinis	Lesser Scaup	雁形目	鸭科
4110	白眉鸭	Spatula querquedula	Garganey	雁形目	鸭科
4111	琵嘴鸭	Spatula clypeata	Northern Shoveler	雁形目	鸭科
4112	花脸鸭	Sibirionetta formosa	Baikal Teal	雁形目	鸭科
4113	罗纹鸭	Mareca falcata	Falcated Duck	雁形目	鸭科
4114	赤膀鸭	Mareca strepera	Gadwall	雁形目	鸭科
4115	赤颈鸭	Mareca penelope	Eurasian Wigeon	雁形目	鸭科
4116	绿眉鸭	Mareca americana	American Wigeon	雁形目	鸭科
4117	棕颈鸭	Anas luzonica	Philippine Duck	雁形目	鸭科
4118	斑嘴鸭	Anas zonorhyncha	Chinese Spot-billed Duck	雁形目	鸭科
4119	南亚斑嘴鸭	Anas poecilorhyncha	Indian Spot-billed Duck	雁形目	鸭科
4120	绿头鸭	Anas platyrhynchos	Mallard	雁形目	鸭科
4121	针尾鸭	Anas acuta	Northern Pintail	雁形目	鸭科
4122	绿翅鸭	Anas crecca	Eurasian Teal	雁形目	鸭科
4123	小䴙䴘	Tachybaptus ruficollis	Little Grebe	䴙䴘目	䴙䴘科
4124	赤颈䴙䴘	Podiceps grisegena 	Red-necked Grebe	䴙䴘目	䴙䴘科
4125	凤头䴙䴘	Podiceps cristatus 	Great Crested Grebe	䴙䴘目	䴙䴘科
4126	角䴙䴘	Podiceps auritus	Slavonian Grebe	䴙䴘目	䴙䴘科
4127	黑颈䴙䴘	Podiceps nigricollis 	Black-necked Grebe	䴙䴘目	䴙䴘科
4128	大红鹳	Phoenicopterus roseus	Greater Flamingo	红鹳目	红鹳科
4129	红嘴鹲	Phaethon aethereus	Red-billed Tropicbird	鹲形目	鹲科
4130	红尾鹲	Phaethon rubricauda	Red-tailed Tropicbird	鹲形目	鹲科
4131	白尾鹲	Phaethon lepturus	White-tailed Tropicbird	鹲形目	鹲科
4132	斑姬地鸠	Geopelia striata	Zebra Dove	鸽形目	鸠鸽科
4133	原鸽	Columba livia	Rock Dove	鸽形目	鸠鸽科
4134	岩鸽	Columba rupestris	Hill Pigeon	鸽形目	鸠鸽科
4135	雪鸽	Columba leuconota	Snow Pigeon	鸽形目	鸠鸽科
4136	欧鸽	Columba oenas	Stock Dove	鸽形目	鸠鸽科
4137	中亚鸽	Columba eversmanni	Pale-backed Pigeon	鸽形目	鸠鸽科
4138	斑尾林鸽	Columba palumbus	Wood Pigeon	鸽形目	鸠鸽科
4139	斑林鸽	Columba hodgsonii	Speckled Wood Pigeon	鸽形目	鸠鸽科
4140	灰林鸽	Columba pulchricollis	Ashy Wood Pigeon	鸽形目	鸠鸽科
4141	紫林鸽	Columba punicea	Pale-capped Pigeon	鸽形目	鸠鸽科
4142	黑林鸽	Columba janthina	Japanese Wood Pigeon	鸽形目	鸠鸽科
4143	白喉林鸽	Columba vitiensis	Metallic Pigeon	鸽形目	鸠鸽科
4144	欧斑鸠	Streptopelia turtur	Turtle Dove	鸽形目	鸠鸽科
4145	山斑鸠	Streptopelia orientalis	Oriental Turtle Dove	鸽形目	鸠鸽科
4146	灰斑鸠	Streptopelia decaocto	Eurasian Collared Dove	鸽形目	鸠鸽科
4147	火斑鸠	Streptopelia tranquebarica	Red Turtle Dove	鸽形目	鸠鸽科
4148	珠颈斑鸠	Spilopelia chinensis	Spotted Dove	鸽形目	鸠鸽科
4149	棕斑鸠	Spilopelia senegalensis	Laughing Dove	鸽形目	鸠鸽科
4150	斑尾鹃鸠	Macropygia unchall	Bar-tailed Cuckoo Dove	鸽形目	鸠鸽科
4151	菲律宾鹃鸠	Macropygia tenuirostris	Philippine Cuckoo Dove	鸽形目	鸠鸽科
4152	小鹃鸠	Macropygia ruficeps	Lesser Red Cuckoo Dove	鸽形目	鸠鸽科
4153	绿翅金鸠	Chalcophaps indica	Emerald Dove	鸽形目	鸠鸽科
4154	橙胸绿鸠	Treron bicinctus	Orange-breasted Green Pigeon	鸽形目	鸠鸽科
4155	灰头绿鸠	Treron phayrei	Ashy-headed Green-pigeon	鸽形目	鸠鸽科
4156	厚嘴绿鸠	Treron curvirostra	Thick-billed Green Pigeon	鸽形目	鸠鸽科
4157	黄脚绿鸠	Treron phoenicopterus	Yellow-footed Green Pigeon	鸽形目	鸠鸽科
4158	针尾绿鸠	Treron apicauda	Pin-tailed Green Pigeon	鸽形目	鸠鸽科
4159	白腹针尾绿鸠	Treron seimundi	Yellow-vented Green Pigeon	鸽形目	鸠鸽科
4160	楔尾绿鸠	Treron sphenurus	Wedge-tailed Green Pigeon	鸽形目	鸠鸽科
4161	红翅绿鸠	Treron sieboldii	White-bellied Green Pigeon	鸽形目	鸠鸽科
4162	红顶绿鸠	Treron formosae	Whistling Green Pigeon	鸽形目	鸠鸽科
4163	绿皇鸠	Ducula aenea	Green Imperial Pigeon	鸽形目	鸠鸽科
4164	山皇鸠	Ducula badia	Imperial Pigeon	鸽形目	鸠鸽科
4165	黑颏果鸠	Ptilinopus leclancheri	Black-chinned Fruit Dove	鸽形目	鸠鸽科
4166	毛腿沙鸡	Syrrhaptes paradoxus	Pallas's Sandgrouse	沙鸡目	沙鸡科
4167	西藏毛腿沙鸡	Syrrhaptes tibetanus	Tibetan Sandgrouse	沙鸡目	沙鸡科
4168	黑腹沙鸡	Pterocles orientalis	Black-bellied Sandgrouse	沙鸡目	沙鸡科
4169	黑顶蛙口夜鹰	Batrachostomus hodgsoni	Hodgson’s Frogmouth	夜鹰目	蛙口夜鹰科
4170	毛腿夜鹰	Lyncornis macrotis                   	Great Eared Nightjar	夜鹰目	夜鹰科
4171	普通夜鹰	Caprimulgus jotaka	Grey Nightjar	夜鹰目	夜鹰科
4172	欧夜鹰	Caprimulgus europaeus	Eurasian Nightjar	夜鹰目	夜鹰科
4173	埃及夜鹰	Caprimulgus aegyptius	Egyptian Nightjar	夜鹰目	夜鹰科
4174	长尾夜鹰	Caprimulgus macrurus	Large-tailed Nightjar	夜鹰目	夜鹰科
4175	林夜鹰	Caprimulgus affinis	Savanna Nightjar	夜鹰目	夜鹰科
4176	凤头雨燕	Hemiprocne coronata	Crested Treeswift	夜鹰目	凤头雨燕科
4177	白喉针尾雨燕	Hirundapus caudacutus	White-throated Spinetail 	夜鹰目	雨燕科
4178	灰喉针尾雨燕	Hirundapus cochinchinensis	Silver-backed Spinetail 	夜鹰目	雨燕科
4179	褐背针尾雨燕	Hirundapus giganteus	Brown-backed Spinetail 	夜鹰目	雨燕科
4180	紫针尾雨燕	Hirundapus celebensis	Purple Spinetail 	夜鹰目	雨燕科
4181	短嘴金丝燕	Aerodramus brevirostris	Himalayan Swiftlet	夜鹰目	雨燕科
4182	爪哇金丝燕	Aerodramus fuciphagus	Edible-nest Swiftlet	夜鹰目	雨燕科
4183	棕雨燕	Cypsiurus balasiensis	Asian Palm Swift	夜鹰目	雨燕科
4184	高山雨燕	Tachymarptis melba	Alpine Swift	夜鹰目	雨燕科
4185	暗背雨燕	Apus acuticauda	Dark-backed Swift	夜鹰目	雨燕科
4186	白腰雨燕	Apus pacificus	Fork-tailed Swift	夜鹰目	雨燕科
4187	华西白腰雨燕	Apus salimalii	Salim Ali's Swift	夜鹰目	雨燕科
4188	库氏白腰雨燕	Apus cooki	Cook's Swift	夜鹰目	雨燕科
4189	小白腰雨燕	Apus nipalensis	House Swift	夜鹰目	雨燕科
4190	普通雨燕	Apus apus	Common Swift	夜鹰目	雨燕科
4191	褐翅鸦鹃	Centropus sinensis	Greater Coucal	鹃形目	杜鹃科
4192	小鸦鹃	Centropus bengalensis	Lesser Coucal	鹃形目	杜鹃科
4193	绿嘴地鹃	Phaenicophaeus tristis	Green-billed Malkoha	鹃形目	杜鹃科
4194	斑翅凤头鹃	Clamator jacobinus	Jacobin Cuckoo	鹃形目	杜鹃科
4195	红翅凤头鹃	Clamator coromandus	Chestnut-winged Cuckoo	鹃形目	杜鹃科
4196	噪鹃	Eudynamys scolopaceus	Western Koel	鹃形目	杜鹃科
4197	翠金鹃	Chrysococcyx maculatus	Asian Emerald Cuckoo	鹃形目	杜鹃科
4198	紫金鹃	Chrysococcyx xanthorhynchus	Violet Cuckoo	鹃形目	杜鹃科
4199	栗斑杜鹃	Cacomantis sonneratii	Banded Bay Cuckoo	鹃形目	杜鹃科
4200	八声杜鹃	Cacomantis merulinus	Plaintive Cuckoo	鹃形目	杜鹃科
4201	乌鹃	Surniculus lugubris	Square-tailed Drongo-cuckoo	鹃形目	杜鹃科
4202	大鹰鹃	Hierococcyx sparverioides	Large Hawk-cuckoo	鹃形目	杜鹃科
4203	普通鹰鹃	Hierococcyx varius	Common Hawk-cuckoo	鹃形目	杜鹃科
4204	棕腹鹰鹃	Hierococcyx nisicolor	Whistling Hawk-cuckoo	鹃形目	杜鹃科
4205	北棕腹鹰鹃	Hierococcyx hyperythrus	Northern Hawk-cuckoo	鹃形目	杜鹃科
4206	四声杜鹃	Cuculus micropterus	Indian Cuckoo	鹃形目	杜鹃科
4207	大杜鹃	Cuculus canorus	Common Cuckoo	鹃形目	杜鹃科
4208	中杜鹃	Cuculus saturatus	Himalayan Cuckoo	鹃形目	杜鹃科
4209	东方中杜鹃	Cuculus optatus	Oriental Cuckoo	鹃形目	杜鹃科
4210	小杜鹃	Cuculus poliocephalus	Lesser Cuckoo	鹃形目	杜鹃科
4211	红脚斑秧鸡	Rallina fasciata	Red-legged Crake	鹤形目	秧鸡科
4212	白喉斑秧鸡	Rallina eurizonoides	Slaty-legged Crake	鹤形目	秧鸡科
4213	花田鸡	Coturnicops exquisitus	Swinhoe's Rail 	鹤形目	秧鸡科
4214	西秧鸡	Rallus aquaticus	Western Water Rail	鹤形目	秧鸡科
4215	普通秧鸡	Rallus indicus	Eastern Water Rail	鹤形目	秧鸡科
4216	灰胸秧鸡	Lewinia striata	Slaty-breasted Rail	鹤形目	秧鸡科
4217	长脚秧鸡	Crex crex	Corncrake	鹤形目	秧鸡科
4218	斑胸田鸡	Porzana porzana	Spotted Crake	鹤形目	秧鸡科
4219	红胸田鸡	Zapornia fusca	Ruddy-breasted Crake	鹤形目	秧鸡科
4220	斑胁田鸡	Zapornia paykullii	Band-bellied Crake	鹤形目	秧鸡科
4221	红脚田鸡	Zapornia akool	Brown Crake	鹤形目	秧鸡科
4222	姬田鸡	Zapornia parva	Little Crake	鹤形目	秧鸡科
4223	小田鸡	Zapornia pusilla	Baillon’s Crake	鹤形目	秧鸡科
4224	棕背田鸡	Zapornia bicolor	Black-tailed Crake	鹤形目	秧鸡科
4225	白胸苦恶鸟	Amaurornis phoenicurus	White-breasted Waterhen	鹤形目	秧鸡科
4226	白眉苦恶鸟	Amaurornis cinerea	White-browed Crake	鹤形目	秧鸡科
4227	董鸡	Gallicrex cinerea	Watercock	鹤形目	秧鸡科
4228	紫水鸡	Porphyrio poliocephalus	Grey-headed Swamphen	鹤形目	秧鸡科
4229	黑水鸡	Gallinula chloropus	Common Moorhen	鹤形目	秧鸡科
4230	白骨顶	Fulica atra	Common Coot	鹤形目	秧鸡科
4231	白鹤	Leucogeranus leucogeranus	Siberian Crane	鹤形目	鹤科
4232	沙丘鹤	Antigone canadensis	Sandhill Crane	鹤形目	鹤科
4233	白枕鹤	Antigone vipio	White-naped Crane	鹤形目	鹤科
4234	赤颈鹤	Antigone antigone	Sarus Crane	鹤形目	鹤科
4235	蓑羽鹤	Grus virgo	Demoiselle Crane	鹤形目	鹤科
4236	丹顶鹤	Grus japonensis	Red-crowned Crane	鹤形目	鹤科
4237	灰鹤	Grus grus	Common Crane	鹤形目	鹤科
4238	白头鹤	Grus monacha	Hooded Crane	鹤形目	鹤科
4239	黑颈鹤	Grus nigricollis	Black-necked Crane	鹤形目	鹤科
4240	小鸨	Tetrax tetrax	Little Bustard	鸨形目	鸨科
4241	大鸨	Otis tarda	Great Bustard	鸨形目	鸨科
4242	波斑鸨	Chlamydotis macqueenii	Macqueen's Bustard	鸨形目	鸨科
4243	红喉潜鸟	Gavia stellata	Red-throated Diver	潜鸟目	潜鸟科
4244	黑喉潜鸟	Gavia arctica	Arctic Loon	潜鸟目	潜鸟科
4245	太平洋潜鸟	Gavia pacifica	Pacific Diver	潜鸟目	潜鸟科
4246	黄嘴潜鸟	Gavia adamsii	Yellow-billed Loon	潜鸟目	潜鸟科
4247	黄蹼洋海燕	Oceanites oceanicus	Wilson's Storm-petrel	鹱形目	南海燕科
4248	白腰叉尾海燕	Hydrobates leucorhous	Leach's Storm-petrel	鹱形目	海燕科
4249	黑叉尾海燕	Hydrobates monorhis	Swinhoe's Storm-petrel	鹱形目	海燕科
4250	褐翅叉尾海燕	Hydrobates tristrami	Tristram's Storm-petrel	鹱形目	海燕科
4251	黑背信天翁	Phoebastria immutabilis	Laysan Albatross	鹱形目	信天翁科
4252	黑脚信天翁	Phoebastria nigripes	Black-footed Albatross	鹱形目	信天翁科
4253	短尾信天翁	Phoebastria albatrus	Short-tailed Albatross	鹱形目	信天翁科
4254	暴风鹱	Fulmarus glacialis	Northern Fulmar	鹱形目	鹱科
4255	信使圆尾鹱	Pterodroma heraldica	Herald Petrel	鹱形目	鹱科
4256	白额圆尾鹱	Pterodroma hypoleuca	Bonin Petrel	鹱形目	鹱科
4257	棕头圆尾鹱	Pterodroma solandri	Providence Petrel	鹱形目	鹱科
4258	钩嘴圆尾鹱	Pseudobulweria rostrata	Tahiti Petrel	鹱形目	鹱科
4259	白额鹱	Calonectris leucomelas	Streaked Shearwater	鹱形目	鹱科
4260	黑鹱	Puffinus nativitatis	Christmas Shearwater	鹱形目	鹱科
4262	楔尾鹱	Ardenna pacifica	Wedge-tailed Shearwater	鹱形目	鹱科
4263	灰鹱	Ardenna grisea	Sooty Shearwater	鹱形目	鹱科
4264	短尾鹱	Ardenna tenuirostris	Short-tailed Shearwater	鹱形目	鹱科
4265	淡足鹱	Ardenna carneipes	Pale-footed Shearwater	鹱形目	鹱科
4266	褐燕鹱	Bulweria bulwerii	Bulwer’s Petrel	鹱形目	鹱科
4268	秃鹳	Leptoptilos javanicus	Lesser Adjutant	鹳形目	鹳科
4269	彩鹳	Mycteria leucocephala	Painted Stork	鹳形目	鹳科
4270	钳嘴鹳	Anastomus oscitans	Asian Openbill 	鹳形目	鹳科
4271	黑鹳	Ciconia nigra	Black Stork	鹳形目	鹳科
4272	白颈鹳	Ciconia episcopus	Woolly-necked Stork	鹳形目	鹳科
4273	白鹳	Ciconia ciconia	White Stork	鹳形目	鹳科
4274	东方白鹳	Ciconia boyciana	Oriental Stork	鹳形目	鹳科
4275	白琵鹭	Platalea leucorodia	Eurasian Spoonbill	鹈形目	鹮科
4276	黑脸琵鹭	Platalea minor	Black-faced Spoonbill	鹈形目	鹮科
4277	黑头白鹮	Threskiornis melanocephalus	Black-headed Ibis	鹈形目	鹮科
4278	白肩黑鹮	Pseudibis davisoni	White-shouldered Ibis	鹈形目	鹮科
4279	朱鹮	Nipponia nippon	Crested Ibis	鹈形目	鹮科
4280	彩鹮	Plegadis falcinellus	Glossy Ibis	鹈形目	鹮科
4281	大麻鳽	Botaurus stellaris	Eurasian Bittern	鹈形目	鹭科
4282	小苇鳽	Ixobrychus minutus	Ixobrychus minutus	鹈形目	鹭科
4283	黄斑苇鳽	Ixobrychus sinensis	Yellow Bittern	鹈形目	鹭科
4284	紫背苇鳽	Ixobrychus eurhythmus	Schrenck's Bittern	鹈形目	鹭科
4285	栗苇鳽	Ixobrychus cinnamomeus 	Cinnamon Bittern	鹈形目	鹭科
4286	黑苇鳽	Ixobrychus flavicollis	Black Bittern	鹈形目	鹭科
4287	海南鳽	Gorsachius magnificus	White-eared Night-heron	鹈形目	鹭科
4288	栗头鳽	Gorsachius goisagi	Japanese Night-heron	鹈形目	鹭科
4289	黑冠鳽	Gorsachius melanolophus	Malay Night-heron	鹈形目	鹭科
4290	夜鹭	Nycticorax nycticorax	Black-crowned Night-heron	鹈形目	鹭科
4291	棕夜鹭	Nycticorax caledonicus	Rufous Night-heron	鹈形目	鹭科
4292	绿鹭	Butorides striata	Green-backed Heron	鹈形目	鹭科
4293	印度池鹭	Ardeola grayii	Indian Pond Heron	鹈形目	鹭科
4294	池鹭	Ardeola bacchus	Chinese Pond Heron	鹈形目	鹭科
4295	爪哇池鹭	Ardeola speciosa	Javan Pond Heron	鹈形目	鹭科
4296	牛背鹭	Bubulcus coromandus	Cattle Egret	鹈形目	鹭科
4297	苍鹭	Ardea cinerea	Grey Heron	鹈形目	鹭科
4298	白腹鹭	Ardea insignis	White-bellied Heron	鹈形目	鹭科
4299	草鹭	Ardea purpurea	Purple Heron	鹈形目	鹭科
4300	大白鹭	Ardea alba	Great Egret	鹈形目	鹭科
4301	中白鹭	Ardea intermedia	Intermediate Egret	鹈形目	鹭科
4302	斑鹭	Egretta picata	Pied Heron	鹈形目	鹭科
4303	白脸鹭	Egretta novaehollandiae	White-faced Egret	鹈形目	鹭科
4304	白鹭	Egretta garzetta	Little Egret	鹈形目	鹭科
4305	岩鹭	Egretta sacra	Pacific Reef-egret	鹈形目	鹭科
4306	黄嘴白鹭	Egretta eulophotes	Chinese Egret	鹈形目	鹭科
4307	卷羽鹈鹕	Pelecanus crispus	Dalmatian Pelican	鹈形目	鹈鹕科
4308	斑嘴鹈鹕	Pelecanus philippensis	Spot-billed Pelican	鹈形目	鹈鹕科
4309	白鹈鹕	Pelecanus onocrotalus	Great White Pelican	鹈形目	鹈鹕科
4310	白斑军舰鸟	Fregata ariel	Lesser Frigatebrid	鲣鸟目	军舰鸟科
4311	黑腹军舰鸟	Fregata minor	Great Frigatebird	鲣鸟目	军舰鸟科
4312	白腹军舰鸟	Fregata andrewsi	Christmas Frigatebrid	鲣鸟目	军舰鸟科
4313	红脚鲣鸟	Sula sula	Red-footed Booby	鲣鸟目	鲣鸟科
4314	褐鲣鸟	Sula leucogaster	Brown Booby	鲣鸟目	鲣鸟科
4315	蓝脸鲣鸟	Sula dactylatra	Masked Booby	鲣鸟目	鲣鸟科
4316	黑腹蛇鹈	Anhinga melanogaster	Oriental Darter	鲣鸟目	蛇鹈科
4317	侏鸬鹚	Microcarbo pygmaeus	Pygmy Cormorant	鲣鸟目	鸬鹚科
4318	黑颈鸬鹚	Microcarbo niger	Little Cormorant	鲣鸟目	鸬鹚科
4319	海鸬鹚	Phalacrocorax pelagicus	Pelagic Cormorant	鲣鸟目	鸬鹚科
4320	红脸鸬鹚	Phalacrocorax urile	Red-faced Cormorant	鲣鸟目	鸬鹚科
4321	普通鸬鹚	Phalacrocorax carbo	Great Cormorant	鲣鸟目	鸬鹚科
4322	绿背鸬鹚	Phalacrocorax capillatus	Japanese Cormorant	鲣鸟目	鸬鹚科
4323	林三趾鹑	Turnix sylvaticus	Common Buttonquail	鸻形目	三趾鹑科
4324	黄脚三趾鹑	Turnix tanki	Yellow-legged Buttonquail	鸻形目	三趾鹑科
4325	棕三趾鹑	Turnix suscitator	Barred Buttonquail	鸻形目	三趾鹑科
4326	石鸻	Burhinus oedicnemus	Stone Curlew	鸻形目	石鸻科
4327	大石鸻	Esacus recurvirostris	Great Thick-knee	鸻形目	石鸻科
4328	白鞘嘴鸥	Chionis albus	Snowy Sheathbill	鸻形目	鞘嘴鸥科
4329	蛎鹬	Haematopus ostralegus	Eurasian Oystercatcher	鸻形目	蛎鹬科
4330	鹮嘴鹬	Ibidorhyncha struthersii	Ibisbill	鸻形目	鹮嘴鹬科
4331	反嘴鹬	Recurvirostra avosetta	Pied Avocet	鸻形目	反嘴鹬科
4332	黑翅长脚鹬	Himantopus himantopus	Black-winged Stilt	鸻形目	反嘴鹬科
4333	凤头麦鸡	Vanellus vanellus	Northern Lapwing	鸻形目	鸻科
4334	距翅麦鸡	Vanellus duvaucelii	River Lapwing	鸻形目	鸻科
4335	灰头麦鸡	Vanellus cinereus	Grey-headed Lapwing	鸻形目	鸻科
4336	肉垂麦鸡	Vanellus indicus	Red-wattled Lapwing	鸻形目	鸻科
4337	黄颊麦鸡	Vanellus gregarius	Sociable Lapwing	鸻形目	鸻科
4338	白尾麦鸡	Vanellus leucurus	White-tailed Lapwing	鸻形目	鸻科
4339	小嘴鸻	Eudromias morinellus	Eurasian Dotterel	鸻形目	鸻科
4340	欧金鸻	Pluvialis apricaria	European Golden Plover	鸻形目	鸻科
4341	金鸻	Pluvialis fulva	Pacific Golden Plover	鸻形目	鸻科
4342	灰鸻	Pluvialis squatarola	Grey Plover	鸻形目	鸻科
4343	剑鸻	Charadrius hiaticula	Common Ringed Plover	鸻形目	鸻科
4344	长嘴剑鸻	Charadrius placidus	Long-billed Plover	鸻形目	鸻科
4345	金眶鸻	Charadrius dubius	Little Ringed Plover	鸻形目	鸻科
4346	环颈鸻	Charadrius alexandrinus	Kentish Plover	鸻形目	鸻科
4347	白脸鸻	Charadrius dealbatus	White-faced Plover	鸻形目	鸻科
4348	蒙古沙鸻	Charadrius mongolus	Lesser Sand Plover	鸻形目	鸻科
4349	青藏沙鸻	Charadrius atrifrons	Tibetan Sand Plover	鸻形目	鸻科
4350	铁嘴沙鸻	Charadrius leschenaultii	Greater Sand Plover	鸻形目	鸻科
4351	红胸鸻	Charadrius asiaticus	Caspian Plover	鸻形目	鸻科
4352	东方鸻	Charadrius veredus	Oriental Plover	鸻形目	鸻科
4353	彩鹬	Rostratula benghalensis	Greater Painted-snipe	鸻形目	彩鹬科
4354	水雉	Hydrophasianus chirurgus	Pheasant-tailed Jacana	鸻形目	水雉科
4355	铜翅水雉	Metopidius indicus	Bronze-winged Jacana	鸻形目	水雉科
4356	中杓鹬	Numenius phaeopus	Whimbrel	鸻形目	鹬科
4357	小杓鹬	Numenius minutus	Little Curlew	鸻形目	鹬科
4358	白腰杓鹬	Numenius arquata	Eurasian Curlew	鸻形目	鹬科
4359	大杓鹬	Numenius madagascariensis	Far Eastern Curlew	鸻形目	鹬科
4360	斑尾塍鹬	Limosa lapponica	Bar-tailed Godwit	鸻形目	鹬科
4361	黑尾塍鹬	Limosa limosa	Black-tailed Godwit	鸻形目	鹬科
4362	翻石鹬	Arenaria interpres	Ruddy Turnstone	鸻形目	鹬科
4363	大滨鹬	Calidris tenuirostris	Great Knot	鸻形目	鹬科
4364	红腹滨鹬	Calidris canutus	Red Knot	鸻形目	鹬科
4365	流苏鹬	Calidris pugnax	Ruff	鸻形目	鹬科
4366	阔嘴鹬	Calidris falcinellus	Broad-billed Sandpiper	鸻形目	鹬科
4367	尖尾滨鹬	Calidris acuminata	Sharp-tailed Sandpiper	鸻形目	鹬科
4368	高跷鹬	Calidris himantopus	Stilt Sandpiper	鸻形目	鹬科
4369	弯嘴滨鹬	Calidris ferruginea	Curlew Sandpiper	鸻形目	鹬科
4370	青脚滨鹬	Calidris temminckii	Temminck's Stint	鸻形目	鹬科
4371	长趾滨鹬	Calidris subminuta	Long-toed Stint	鸻形目	鹬科
4372	勺嘴鹬	Calidris pygmaea	Spoon-billed Sandpiper	鸻形目	鹬科
4373	红颈滨鹬	Calidris ruficollis	Red-necked Stint	鸻形目	鹬科
4374	三趾滨鹬	Calidris alba	Sanderling	鸻形目	鹬科
4375	黑腹滨鹬	Calidris alpina	Dunlin	鸻形目	鹬科
4376	岩滨鹬	Calidris ptilocnemis	Rock Sandpiper	鸻形目	鹬科
4377	黑腰滨鹬	Calidris bairdii	Baird's Sandpiper	鸻形目	鹬科
4378	小滨鹬	Calidris minuta	Little Stint	鸻形目	鹬科
4379	白腰滨鹬	Calidris fuscicollis	White-rumped Sandpiper	鸻形目	鹬科
4380	黄胸滨鹬	Calidris subruficollis	Buff-breasted Sandpiper	鸻形目	鹬科
4381	斑胸滨鹬	Calidris melanotos	Pectoral Sandpiper	鸻形目	鹬科
4382	西滨鹬	Calidris mauri	Western Sandpiper	鸻形目	鹬科
4383	半蹼鹬	Limnodromus semipalmatus	Asian Dowitcher	鸻形目	鹬科
4384	长嘴半蹼鹬	Limnodromus scolopaceus	Long-billed Dowitcher	鸻形目	鹬科
4385	丘鹬	Scolopax rusticola	Eurasian Woodcock	鸻形目	鹬科
4386	孤沙锥	Gallinago solitaria	Solitary Snipe	鸻形目	鹬科
4387	拉氏沙锥	Gallinago hardwickii	Latham’s Snipe	鸻形目	鹬科
4388	林沙锥	Gallinago nemoricola	Wood Snipe	鸻形目	鹬科
4389	针尾沙锥	Gallinago stenura	Pintail Snipe	鸻形目	鹬科
4390	大沙锥	Gallinago megala	Swinhoe’s Snipe	鸻形目	鹬科
4391	扇尾沙锥	Gallinago gallinago	Common Snipe	鸻形目	鹬科
4392	姬鹬	Lymnocryptes minimus	Jack Snipe	鸻形目	鹬科
4393	红颈瓣蹼鹬	Phalaropus lobatus	Red-necked Phalarope	鸻形目	鹬科
4394	灰瓣蹼鹬	Phalaropus fulicarius	Red Phalarope	鸻形目	鹬科
4395	翘嘴鹬	Xenus cinereus	Terek Sandpiper	鸻形目	鹬科
4396	矶鹬	Actitis hypoleucos	Common Sandpiper	鸻形目	鹬科
4397	白腰草鹬	Tringa ochropus	Green Sandpiper	鸻形目	鹬科
4398	灰尾漂鹬	Tringa brevipes	Grey-tailed Tattler	鸻形目	鹬科
4399	漂鹬	Tringa incana	Wandering Tattler	鸻形目	鹬科
4400	小黄脚鹬	Tringa flavipes	Lesser Yellowlegs	鸻形目	鹬科
4401	鹤鹬	Tringa erythropus	Spotted Redshank	鸻形目	鹬科
4402	青脚鹬	Tringa nebularia	Common Greenshank	鸻形目	鹬科
4403	红脚鹬	Tringa totanus	Common Redshank	鸻形目	鹬科
4404	林鹬	Tringa glareola	Wood Sandpiper	鸻形目	鹬科
4405	泽鹬	Tringa stagnatilis	Marsh Sandpiper	鸻形目	鹬科
4406	小青脚鹬	Tringa guttifer	Spotted Greenshank	鸻形目	鹬科
4407	领燕鸻	Glareola pratincola	Collared Pratincole	鸻形目	燕鸻科
4408	普通燕鸻	Glareola maldivarum	Oriental Pratincole	鸻形目	燕鸻科
4409	黑翅燕鸻	Glareola nordmanni	Black-winged Pratincole	鸻形目	燕鸻科
4410	灰燕鸻	Glareola lactea	Small Pratincole	鸻形目	燕鸻科
4411	白顶玄燕鸥	Anous stolidus	Brown Noddy	鸻形目	鸥科
4412	玄燕鸥	Anous minutus	Black Noddy	鸻形目	鸥科
4413	白燕鸥	Gygis alba	Common White Tern	鸻形目	鸥科
4414	剪嘴鸥	Rynchops albicollis	Indian Skimmer	鸻形目	鸥科
4415	三趾鸥	Rissa tridactyla	Black-legged Kittiwake	鸻形目	鸥科
4416	叉尾鸥	Xema sabini	Sabine's Gull	鸻形目	鸥科
4417	细嘴鸥	Chroicocephalus genei	Slender-billed Gull	鸻形目	鸥科
4418	澳洲红嘴鸥	Chroicocephalus novaehollandiae	Silver Gull	鸻形目	鸥科
4419	棕头鸥	Chroicocephalus brunnicephalus	Brown-headed Gull	鸻形目	鸥科
4420	红嘴鸥	Chroicocephalus ridibundus	Black-headed Gull	鸻形目	鸥科
4421	黑嘴鸥	Saundersilarus saundersi	Saunders’s Gull	鸻形目	鸥科
4422	小鸥	Hydrocoloeus minutus	Little Gull	鸻形目	鸥科
4423	楔尾鸥	Rhodostethia rosea	Ross’s Gull	鸻形目	鸥科
4424	笑鸥	Leucophaeus atricilla	Laughing Gull	鸻形目	鸥科
4425	弗氏鸥	Leucophaeus pipixcan	Franklin’s Gull	鸻形目	鸥科
4426	遗鸥	Ichthyaetus relictus	Relict Gull	鸻形目	鸥科
4427	渔鸥	Ichthyaetus ichthyaetus	Pallas's Gull	鸻形目	鸥科
4428	黑尾鸥	Larus crassirostris	Black-tailed Gull	鸻形目	鸥科
4429	普通海鸥	Larus canus	Mew Gull	鸻形目	鸥科
4430	美洲海鸥	Larus brachyrhynchus	Short-billed Gull	鸻形目	鸥科
4431	环嘴鸥	Larus delawarensis	Ring-billed Gull	鸻形目	鸥科
4432	灰翅鸥	Larus glaucescens	Glaucous-winged Gull	鸻形目	鸥科
4433	北极鸥	Larus hyperboreus	Glaucous Gull	鸻形目	鸥科
4434	西伯利亚银鸥	Larus vegae	Vega Gull	鸻形目	鸥科
4435	灰背鸥	Larus schistisagus	Slaty-backed Gull	鸻形目	鸥科
4436	黄腿银鸥	Larus cachinnans	Caspian Gull	鸻形目	鸥科
4437	小黑背银鸥	Larus fuscus	Lesser Black-backed Gull	鸻形目	鸥科
4438	鸥嘴噪鸥	Gelochelidon nilotica	Common Gull-billed Tern	鸻形目	鸥科
4439	红嘴巨燕鸥	Hydroprogne caspia	Caspian Tern	鸻形目	鸥科
4440	大凤头燕鸥	Thalasseus bergii	Greater Crested Tern	鸻形目	鸥科
4441	小凤头燕鸥	Thalasseus bengalensis	Lesser Crested Tern	鸻形目	鸥科
4442	中华凤头燕鸥	Thalasseus bernsteini	Chinese Crested Tern	鸻形目	鸥科
4443	白嘴端凤头燕鸥	Thalasseus sandvicensis	Sandwich Tern	鸻形目	鸥科
4444	白额燕鸥	Sternula albifrons	Little Tern	鸻形目	鸥科
4445	白腰燕鸥	Onychoprion aleuticus	Aleutian Tern	鸻形目	鸥科
4446	褐翅燕鸥	Onychoprion anaethetus	Bridled Tern	鸻形目	鸥科
4447	乌燕鸥	Onychoprion fuscatus	Sooty Tern	鸻形目	鸥科
4448	河燕鸥	Sterna aurantia	River Tern	鸻形目	鸥科
4449	粉红燕鸥	Sterna dougallii	Roseate Tern	鸻形目	鸥科
4450	黑枕燕鸥	Sterna sumatrana	Black-naped Tern	鸻形目	鸥科
4451	普通燕鸥	Sterna hirundo	Common Tern	鸻形目	鸥科
4452	黑腹燕鸥	Sterna acuticauda	Black-bellied Tern	鸻形目	鸥科
4453	灰翅浮鸥	Chlidonias hybrida	Whiskered Tern	鸻形目	鸥科
4454	白翅浮鸥	Chlidonias leucopterus	White-winged Tern	鸻形目	鸥科
4455	黑浮鸥	Chlidonias niger	Black Tern	鸻形目	鸥科
4456	长尾贼鸥	Stercorarius longicaudus	Long-tai1ed Jaeger	鸻形目	贼鸥科
4457	短尾贼鸥	Stercorarius parasiticus	Parasitic Jaeger	鸻形目	贼鸥科
4458	中贼鸥	Stercorarius pomarinus	Pomarine Jaeger	鸻形目	贼鸥科
4459	南极贼鸥	Stercorarius maccormicki	South Polar Skua	鸻形目	贼鸥科
4460	角嘴海雀	Cerorhinca monocerata	Rhinoceros Auklet	鸻形目	海雀科
4461	长嘴斑海雀	Brachyramphus perdix	Long-billed Murrelet	鸻形目	海雀科
4462	扁嘴海雀	Synthliboramphus antiquus	Ancient Murrelet	鸻形目	海雀科
4463	冠海雀	Synthliboramphus wumizusume	Japanese Murrelet	鸻形目	海雀科
4464	崖海鸦	Uria aalge	Common Murre	鸻形目	海雀科
4465	栗鸮	Phodilus badius	Oriental Bay-owl	鸮形目	草鸮科
4466	草鸮	Tyto longimembris	Eastern Grass-owl	鸮形目	草鸮科
4467	仓鸮	Tyto javanica	Eastern Barn Owl	鸮形目	草鸮科
4468	日本鹰鸮	Ninox japonica	Northern Boobook	鸮形目	鸱鸮科
4469	鹰鸮	Ninox scutulata	Brown Boobook	鸮形目	鸱鸮科
4470	猛鸮	Surnia ulula	Hawk Owl	鸮形目	鸱鸮科
4471	花头鸺鹠	Glaucidium passerinum	Eurasian Pygmy-owl	鸮形目	鸱鸮科
4472	领鸺鹠	Glaucidium brodiei	Collared Owlet	鸮形目	鸱鸮科
4473	斑头鸺鹠	Glaucidium cuculoides	Asian Barred Owlet	鸮形目	鸱鸮科
4474	横斑腹小鸮	Athene brama	Spotted Owlet	鸮形目	鸱鸮科
4475	纵纹腹小鸮	Athene noctua	Little Owl	鸮形目	鸱鸮科
4476	鬼鸮	Aegolius funereus	Boreal Owl	鸮形目	鸱鸮科
4477	北领角鸮	Otus semitorques	Japanese Scops-owl	鸮形目	鸱鸮科
4478	领角鸮	Otus lettia	Collared Scops-owl	鸮形目	鸱鸮科
4479	黄嘴角鸮	Otus spilocephalus	Mountain Scops-owl	鸮形目	鸱鸮科
4480	西红角鸮	Otus scops	Eurasian Scops-owl	鸮形目	鸱鸮科
4481	纵纹角鸮	Otus brucei	Pallid Scops-owl	鸮形目	鸱鸮科
4482	红角鸮	Otus sunia	Oriental Scops-owl	鸮形目	鸱鸮科
4483	优雅角鸮	Otus elegans	Ryukyu Scops-owl	鸮形目	鸱鸮科
4484	长耳鸮	Asio otus	Long-eared Owl	鸮形目	鸱鸮科
4485	短耳鸮	Asio flammeus	Short-eared Owl	鸮形目	鸱鸮科
4486	褐林鸮	Strix leptogrammica	Brown Wood Owl	鸮形目	鸱鸮科
4487	灰林鸮	Strix nivicolum	Himalayan Owl	鸮形目	鸱鸮科
4488	长尾林鸮	Strix uralensis	UraI Ow1	鸮形目	鸱鸮科
4489	乌林鸮	Strix nebulosa	Great Grey Owl	鸮形目	鸱鸮科
4490	四川林鸮	Strix davidi	Pere David's Owl	鸮形目	鸱鸮科
4491	雪鸮	Bubo scandiacus	Snowy Owl	鸮形目	鸱鸮科
4492	雕鸮	Bubo bubo	Northern Eagle Owl	鸮形目	鸱鸮科
4493	林雕鸮	Bubo nipalensis	Forest Eagle Owl	鸮形目	鸱鸮科
4494	毛腿雕鸮	Bubo blakistoni	Blakiston's Fish Owl	鸮形目	鸱鸮科
4495	褐渔鸮	Ketupa zeylonensis	Brown Fish-owl	鸮形目	鸱鸮科
4496	黄腿渔鸮	Ketupa flavipes	Tawny Fish-owl	鸮形目	鸱鸮科
4497	鹗	Pandion haliaetus	Osprey	鹰形目	鹗科
4498	黑翅鸢	Elanus caeruleus	Black-shouldered Kite	鹰形目	鹰科
4499	胡兀鹫	Gypaetus barbatus	Bearded Vulture	鹰形目	鹰科
4500	白兀鹫	Neophron percnopterus	Egyptian Vulture	鹰形目	鹰科
4501	鹃头蜂鹰	Pernis apivorus	European Honey-Buzzard	鹰形目	鹰科
4502	凤头蜂鹰	Pernis ptilorhynchus	Oriental Honey-Buzzard	鹰形目	鹰科
4503	褐冠鹃隼	Aviceda jerdoni	Jerdon’s Baza	鹰形目	鹰科
4504	黑冠鹃隼	Aviceda leuphotes	Black Baza	鹰形目	鹰科
4505	白背兀鹫	Gyps bengalensis	White-rumped Vulture	鹰形目	鹰科
4506	长嘴兀鹫	Gyps tenuirostris	Slender-billed Vulture	鹰形目	鹰科
4507	高山兀鹫	Gyps himalayensis	Himalayan Griffon	鹰形目	鹰科
4508	兀鹫	Gyps fulvus	Eurasian Griffon 	鹰形目	鹰科
4509	黑兀鹫	Sarcogyps calvus	Red-headed Vulture	鹰形目	鹰科
4510	秃鹫	Aegypius monachus	Cinereous Vulture	鹰形目	鹰科
4511	蛇雕	Spilornis cheela	Crested Serpent Eagle	鹰形目	鹰科
4512	短趾雕	Circaetus gallicus	Short-toed Snake Eagle	鹰形目	鹰科
4513	凤头鹰雕	Nisaetus cirrhatus	Changeable Hawk Eagle	鹰形目	鹰科
4514	鹰雕	Nisaetus nipalensis	Mountain Hawk Eagle	鹰形目	鹰科
4515	棕腹隼雕	Lophotriorchis kienerii	Rufous-bellied Hawk Eagle	鹰形目	鹰科
4516	林雕	Ictinaetus malaiensis	Black Eagle	鹰形目	鹰科
4517	乌雕	Clanga clanga	Greater Spotted Eagle	鹰形目	鹰科
4518	靴隼雕	Hieraaetus pennatus	Booted Eagle	鹰形目	鹰科
4519	草原雕	Aquila nipalensis	Steppe Eagle	鹰形目	鹰科
4520	白肩雕	Aquila heliaca	Imperial Eagle	鹰形目	鹰科
4521	金雕	Aquila chrysaetos	Golden Eagle	鹰形目	鹰科
4522	白腹隼雕	Aquila fasciata	Bonelli's Eagle	鹰形目	鹰科
4523	凤头鹰	Accipiter trivirgatus	Crested Goshawk	鹰形目	鹰科
4524	褐耳鹰	Accipiter badius	Shikra	鹰形目	鹰科
4525	赤腹鹰	Accipiter soloensis	Chinese Goshawk	鹰形目	鹰科
4526	日本松雀鹰	Accipiter gularis	Japanese Sparrow Hawk	鹰形目	鹰科
4527	松雀鹰	Accipiter virgatus	Besra Sparrow Hawk	鹰形目	鹰科
4528	雀鹰	Accipiter nisus	Eurasian Sparrow Hawk	鹰形目	鹰科
4529	苍鹰	Accipiter gentilis	Northern Goshawk	鹰形目	鹰科
4530	白头鹞	Circus aeruginosus	Western Marsh Harrier	鹰形目	鹰科
4531	白腹鹞	Circus spilonotus	Eastern Marsh Harrier	鹰形目	鹰科
4532	白尾鹞	Circus cyaneus	Hen Harrier	鹰形目	鹰科
4533	草原鹞	Circus macrourus	Pallid Harrier	鹰形目	鹰科
4534	鹊鹞	Circus melanoleucos	Pied Harrier	鹰形目	鹰科
4535	乌灰鹞	Circus pygargus	Montagu’s Harrier	鹰形目	鹰科
4536	黑鸢	Milvus migrans	Black Kite	鹰形目	鹰科
4537	栗鸢	Haliastur indus	Brahminy Kite	鹰形目	鹰科
4538	白腹海雕	Haliaeetus leucogaster	White-bellied Sea Eagle	鹰形目	鹰科
4539	玉带海雕	Haliaeetus leucoryphus	Pallas's Fish Eagle	鹰形目	鹰科
4540	白尾海雕	Haliaeetus albicilla	White-tailed Sea Eagle	鹰形目	鹰科
4541	虎头海雕	Haliaeetus pelagicus	Steller's Sea Eagle	鹰形目	鹰科
4542	渔雕	Haliaeetus humilis	Lesser Fish Eagle	鹰形目	鹰科
4543	白眼鵟鹰	Butastur teesa	White-eyed Buzzard	鹰形目	鹰科
4544	棕翅鵟鹰	Butastur liventer	Rufous-winged Buzzard	鹰形目	鹰科
4545	灰脸鵟鹰	Butastur indicus	Grey-faced Buzzard 	鹰形目	鹰科
4546	毛脚鵟	Buteo lagopus	Rough-legged Buzzard	鹰形目	鹰科
4547	大鵟	Buteo hemilasius	Upland Buzzard	鹰形目	鹰科
4548	普通鵟	Buteo japonicus	Eastern Buzzard	鹰形目	鹰科
4549	喜山鵟	Buteo refectus	Himalayan Buzzard	鹰形目	鹰科
4550	棕尾鵟	Buteo rufinus	Long-legged Buzzard	鹰形目	鹰科
4551	欧亚鵟	Buteo buteo	Eurasian Buzzard	鹰形目	鹰科
4552	橙胸咬鹃	Harpactes oreskios	Orange-breasted Trogon	咬鹃目	咬鹃科
4553	红头咬鹃	Harpactes erythrocephalus	Red-headed Trogon	咬鹃目	咬鹃科
4554	红腹咬鹃	Harpactes wardi	Ward's Trogon	咬鹃目	咬鹃科
4555	双角犀鸟	Buceros bicornis	Great Indian Hornbill	犀鸟目	犀鸟科
4556	冠斑犀鸟	Anthracoceros albirostris	Oriental Pied Hornbill	犀鸟目	犀鸟科
4557	白喉犀鸟	Anorrhinus austeni	Brown Hornbill	犀鸟目	犀鸟科
4558	棕颈犀鸟	Aceros nipalensis	Rufous-necked Hornbill	犀鸟目	犀鸟科
4559	花冠皱盔犀鸟	Rhyticeros undulatus	Wreathed Hornbill	犀鸟目	犀鸟科
4560	戴胜	Upupa epops	Eurasian Hoopoe	犀鸟目	戴胜科
4561	赤须夜蜂虎	Nyctyornis amictus	Red-bearded Bee Eater	佛法僧目	蜂虎科
4562	蓝须夜蜂虎	Nyctyornis athertoni	Blue-bearded Bee Eater	佛法僧目	蜂虎科
4563	绿喉蜂虎	Merops orientalis	Asian Green Bee Eater	佛法僧目	蜂虎科
4564	蓝颊蜂虎	Merops persicus	Blue-cheeked Bee Eater	佛法僧目	蜂虎科
4565	栗喉蜂虎	Merops philippinus	Blue-tailed Bee Eater	佛法僧目	蜂虎科
4566	彩虹蜂虎	Merops ornatus	Rainbow Bee Eater	佛法僧目	蜂虎科
4567	蓝喉蜂虎	Merops viridis	Blue-throated Bee Eater	佛法僧目	蜂虎科
4568	栗头蜂虎	Merops leschenaulti	Chestnut-headed Bee Eater	佛法僧目	蜂虎科
4569	黄喉蜂虎	Merops apiaster	European Bee Eater	佛法僧目	蜂虎科
4570	棕胸佛法僧	Coracias affinis	Indochinese Roller	佛法僧目	佛法僧科
4571	蓝胸佛法僧	Coracias garrulus	European Roller	佛法僧目	佛法僧科
4572	三宝鸟	Eurystomus orientalis	Oriental Dollarbird	佛法僧目	佛法僧科
4573	三趾翠鸟	Ceyx erithaca	Oriental Dwarf Kingfisher	佛法僧目	翠鸟科
4574	蓝耳翠鸟	Alcedo meninting	Blue-eared Kingfisher	佛法僧目	翠鸟科
4575	普通翠鸟	Alcedo atthis	Common Kingfisher	佛法僧目	翠鸟科
4576	斑头大翠鸟	Alcedo hercules	Blyth’s Kingfisher	佛法僧目	翠鸟科
4577	冠鱼狗	Megaceryle lugubris	Crested Kingfisher	佛法僧目	翠鸟科
4578	斑鱼狗	Ceryle rudis	Pied Kingfisher	佛法僧目	翠鸟科
4579	鹳嘴翡翠	Pelargopsis capensis	Stork-billed Kingfisher	佛法僧目	翠鸟科
4580	赤翡翠	Halcyon coromanda	Ruddy Kingfisher	佛法僧目	翠鸟科
4581	白胸翡翠	Halcyon smyrnensis	White-throated Kingfisher	佛法僧目	翠鸟科
4582	蓝翡翠	Halcyon pileata	Black-capped Kingfisher	佛法僧目	翠鸟科
4583	白领翡翠	Todiramphus chloris	Collared Kingfisher	佛法僧目	翠鸟科
4584	大拟啄木鸟	Psilopogon virens	Great Barbet	啄木鸟目	拟啄木鸟科
4585	绿拟啄木鸟	Psilopogon lineatus	Lineated Barbet	啄木鸟目	拟啄木鸟科
4586	黄纹拟啄木鸟	Psilopogon faiostrictus	Green-eared Barbet	啄木鸟目	拟啄木鸟科
4587	金喉拟啄木鸟	Psilopogon franklinii	Golden-throated Barbet	啄木鸟目	拟啄木鸟科
4588	黑眉拟啄木鸟	Psilopogon faber	Chinese Barbet	啄木鸟目	拟啄木鸟科
4589	台湾拟啄木鸟	Psilopogon nuchalis	Taiwan Barbet	啄木鸟目	拟啄木鸟科
4590	蓝喉拟啄木鸟	Psilopogon asiaticus	Blue-throated Barbet	啄木鸟目	拟啄木鸟科
4591	蓝耳拟啄木鸟	Psilopogon duvaucelii	Blue-eared Barbet	啄木鸟目	拟啄木鸟科
4592	赤胸拟啄木鸟	Psilopogon haemacephalus	Crimson-breasted Barbet	啄木鸟目	拟啄木鸟科
4593	黄腰响蜜䴕	Indicator xanthonotus	Yellow-rumped Honeyguide	啄木鸟目	响蜜䴕科
4594	蚁䴕	Jynx torquilla	Wryneck	啄木鸟目	啄木鸟科
4595	白眉棕啄木鸟	Sasia ochracea	White-browed Piculet	啄木鸟目	啄木鸟科
4596	斑姬啄木鸟	Picumnus innominatus	Speckled Piculet	啄木鸟目	啄木鸟科
4597	黄嘴栗啄木鸟	Blythipicus pyrrhotis	Bay Woodpecker	啄木鸟目	啄木鸟科
4598	大金背啄木鸟	Chrysocolaptes guttacristatus	Greater Flameback	啄木鸟目	啄木鸟科
4599	金背啄木鸟	Dinopium javanense	Golden-backed  Flameback	啄木鸟目	啄木鸟科
4600	喜山金背啄木鸟	Dinopium shorii	Himalayan Flameback	啄木鸟目	啄木鸟科
4601	小金背啄木鸟	Dinopium benghalense	Lesser Golden-backed Flameback	啄木鸟目	啄木鸟科
4602	竹啄木鸟	Gecinulus grantia	Pale-headed Woodpecker	啄木鸟目	啄木鸟科
4603	栗啄木鸟	Micropternus brachyurus	Rufous Woodpecker	啄木鸟目	啄木鸟科
4604	大黄冠啄木鸟	Chrysophlegma flavinucha	Greater Yellow-naped Woodpecker	啄木鸟目	啄木鸟科
4605	黄冠啄木鸟	Picus chlorolophus	Lesser Yellow-naped Woodpecker	啄木鸟目	啄木鸟科
4606	花腹绿啄木鸟	Picus vittatus	Laced Woodpecker	啄木鸟目	啄木鸟科
4607	纹喉绿啄木鸟	Picus xanthopygaeus 	Streak-throated Woodpecker	啄木鸟目	啄木鸟科
4608	鳞腹绿啄木鸟	Picus squamatus 	Scaly-bellied Green Woodpecker	啄木鸟目	啄木鸟科
4609	红颈绿啄木鸟	Picus rabieri	Red-collared Woodpecker	啄木鸟目	啄木鸟科
4610	灰头绿啄木鸟	Picus canus	Grey-faced Woodpecker	啄木鸟目	啄木鸟科
4611	白腹黑啄木鸟	Dryocopus javensis	White-bellied Black Woodpecker	啄木鸟目	啄木鸟科
4612	黑啄木鸟	Dryocopus martius	Black Woodpecker	啄木鸟目	啄木鸟科
4613	大灰啄木鸟	Mulleripicus pulverulentus	Great Slaty Woodpecker	啄木鸟目	啄木鸟科
4614	三趾啄木鸟	Picoides tridactylus	Three-toed Woodpecker	啄木鸟目	啄木鸟科
4615	星头啄木鸟	Picoides canicapillus	Grey-capped Woodpecker	啄木鸟目	啄木鸟科
4616	小星头啄木鸟	Picoides kizuki	Japanese Spotted Woodpecker	啄木鸟目	啄木鸟科
4617	赤胸啄木鸟	Dryobates cathpharius	Scarlet-breasted Woodpecker	啄木鸟目	啄木鸟科
4618	小斑啄木鸟	Dryobates minor	Lesser Spotted Woodpecker	啄木鸟目	啄木鸟科
4619	褐额啄木鸟	Leiopicus auriceps	Brown-fronted Woodpecker	啄木鸟目	啄木鸟科
4620	棕腹啄木鸟	Dendrocopos hyperythrus	Rufous-bellied Woodpecker	啄木鸟目	啄木鸟科
4621	纹腹啄木鸟	Dendrocopos macei	Streak-bellied Woodpecker	啄木鸟目	啄木鸟科
4622	纹胸啄木鸟	Dendrocopos atratus	Stripe-breasted Woodpecker	啄木鸟目	啄木鸟科
4623	黄颈啄木鸟	Dendrocopos darjellensis	Brown-throated Woodpecker	啄木鸟目	啄木鸟科
4624	白翅啄木鸟	Dendrocopos leucopterus	White-winged Woodpecker	啄木鸟目	啄木鸟科
4625	大斑啄木鸟	Dendrocopos major	Great Spotted Woodpecker	啄木鸟目	啄木鸟科
4626	白背啄木鸟	Dendrocopos leucotos	White-backed Woodpecker	啄木鸟目	啄木鸟科
4627	红腿小隼	Microhierax caerulescens	Collared Falconet	隼形目	隼科
4628	白腿小隼	Microhierax melanoleucos	Pied Falconet	隼形目	隼科
4629	黄爪隼	Falco naumanni	Lesser Kestrel	隼形目	隼科
4630	红隼	Falco tinnunculus	Common Kestrel	隼形目	隼科
4631	西红脚隼	Falco vespertinus	Western Red-footed Falcon	隼形目	隼科
4632	红脚隼	Falco amurensis	Eastern Red-footed Falcon	隼形目	隼科
4633	灰背隼	Falco columbarius	Merlin	隼形目	隼科
4634	燕隼	Falco subbuteo	Hobby	隼形目	隼科
4635	猛隼	Falco severus	Oriental Hobby	隼形目	隼科
4636	猎隼	Falco cherrug	Saker Falcon	隼形目	隼科
4637	矛隼	Falco rusticolus	Gyr Falcon	隼形目	隼科
4638	游隼	Falco peregrinus	Peregrine Falcon	隼形目	隼科
4639	短尾鹦鹉	Loriculus vernalis	Vernal Hanging Parrot	鹦鹉目	鹦鹉科
4640	蓝腰鹦鹉	Psittinus cyanurus	Blue-rumped Parrot	鹦鹉目	鹦鹉科
4641	灰头鹦鹉	Psittacula finschii	Grey-headed Parakeet	鹦鹉目	鹦鹉科
4642	青头鹦鹉	Psittacula himalayana	Slaty-headed Parakeet	鹦鹉目	鹦鹉科
4643	花头鹦鹉	Psittacula roseata	Blossom-headed Parakeet	鹦鹉目	鹦鹉科
4644	绯胸鹦鹉	Psittacula alexandri	Red-breasted Parakeet	鹦鹉目	鹦鹉科
4645	大紫胸鹦鹉	Psittacula derbiana	Derbyan Parakeet	鹦鹉目	鹦鹉科
4646	亚历山大鹦鹉	Psittacula eupatria	Alexandrine Parakeet	鹦鹉目	鹦鹉科
4647	红领绿鹦鹉	Psittacula krameri	Rose-ringed Parakeet	鹦鹉目	鹦鹉科
4648	双辫八色鸫	Hydrornis phayrei	Eared Pitta	雀形目	八色鸫科
4649	蓝枕八色鸫	Hydrornis nipalensis	Blue-naped Pitta	雀形目	八色鸫科
4650	蓝背八色鸫	Hydrornis soror	Blue-rumped Pitta	雀形目	八色鸫科
4651	栗头八色鸫	Hydrornis oatesi	Rusty-naped Pitta	雀形目	八色鸫科
4652	蓝八色鸫	Hydrornis cyaneus	Blue Pitta	雀形目	八色鸫科
4653	绿胸八色鸫	Pitta sordida	Western Hooded Pitta	雀形目	八色鸫科
4654	蓝翅八色鸫	Pitta moluccensis	Blue-winged Pitta	雀形目	八色鸫科
4655	印度八色鸫	Pitta brachyura	Indian Pitta	雀形目	八色鸫科
4656	仙八色鸫	Pitta nympha	Fairy Pitta	雀形目	八色鸫科
4657	长尾阔嘴鸟	Psarisomus dalhousiae	Long-tailed Broadbill	雀形目	阔嘴鸟科
4658	银胸丝冠鸟	Serilophus lunatus	Silver-breasted Broadbill	雀形目	阔嘴鸟科
4659	金黄鹂	Oriolus oriolus	Eurasian Golden Oriole	雀形目	黄鹂科
4660	印度金黄鹂	Oriolus kundoo	Indian Golden Oriole	雀形目	黄鹂科
4661	细嘴黄鹂	Oriolus tenuirostris	Slender-billed Oriole	雀形目	黄鹂科
4662	黑枕黄鹂	Oriolus chinensis	Black-naped Oriole	雀形目	黄鹂科
4663	黑头黄鹂	Oriolus xanthornus	Black-hooded Oriole	雀形目	黄鹂科
4664	朱鹂	Oriolus traillii	Maroon Oriole	雀形目	黄鹂科
4665	鹊鹂	Oriolus mellianus	Silver Oriole	雀形目	黄鹂科
4666	白腹凤鹛	Erpornis zantholeuca	White-bellied Erpornis	雀形目	莺雀科
4667	棕腹鵙鹛	Pteruthius rufiventer	Black-headed Shrike-babbler	雀形目	莺雀科
4668	红翅鵙鹛	Pteruthius aeralatus	Blyth's Shrike-babbler	雀形目	莺雀科
4669	淡绿鵙鹛	Pteruthius xanthochlorus	Green Shrike-babbler	雀形目	莺雀科
4670	栗喉鵙鹛	Pteruthius melanotis	Black-eared Shrike-babbler	雀形目	莺雀科
4671	栗额鵙鹛	Pteruthius intermedius	Clicking Shrike-babbler	雀形目	莺雀科
4672	灰喉山椒鸟	Pericrocotus solaris	Grey-chinned Minivet	雀形目	山椒鸟科
4673	短嘴山椒鸟	Pericrocotus brevirostris	Short-billed Minivet	雀形目	山椒鸟科
4674	长尾山椒鸟	Pericrocotus ethologus	Long-tailed Minivet	雀形目	山椒鸟科
4675	赤红山椒鸟	Pericrocotus speciosus	Scarlet Minivet	雀形目	山椒鸟科
4676	灰山椒鸟	Pericrocotus divaricatus	Ashy Minivet	雀形目	山椒鸟科
4677	琉球山椒鸟	Pericrocotus tegimae	Ryukyu Minivet	雀形目	山椒鸟科
4678	小灰山椒鸟	Pericrocotus cantonensis	Swinhoe's Minivet	雀形目	山椒鸟科
4679	粉红山椒鸟	Pericrocotus roseus	Rosy Minivet	雀形目	山椒鸟科
4680	大鹃鵙	Coracina macei	Large Cuckooshrike	雀形目	山椒鸟科
4681	斑鹃鵙	Lalage nigra	Pied Triller	雀形目	山椒鸟科
4682	暗灰鹃鵙	Lalage melaschistos	Black-winged Cuckooshrike	雀形目	山椒鸟科
4683	灰燕鵙	Artamus fuscus	Ashy Woodswallow	雀形目	燕鵙科
4684	褐背鹟鵙	Hemipus picatus	Bar-winged Flycatcher-shrike	雀形目	钩嘴鵙科
4685	钩嘴林鵙	Tephrodornis virgatus	Large Woodshrike	雀形目	钩嘴鵙科
4686	黑翅雀鹎	Aegithina tiphia	Common Iora	雀形目	雀鹎科
4687	大绿雀鹎	Aegithina lafresnayei	Great Iora	雀形目	雀鹎科
4688	白喉扇尾鹟	Rhipidura albicollis	White-throated Fantail	雀形目	扇尾鹟科
4689	白眉扇尾鹟	Rhipidura aureola	White-browed Fantail	雀形目	扇尾鹟科
4690	菲律宾斑扇尾鹟	Rhipidura nigritorquis	Philippine Pied Fantail	雀形目	扇尾鹟科
4691	黑卷尾	Dicrurus macrocercus	Black Drongo	雀形目	卷尾科
4692	灰卷尾	Dicrurus leucophaeus	Ashy Drongo	雀形目	卷尾科
4693	鸦嘴卷尾	Dicrurus annectens	Crow-billed Drongo	雀形目	卷尾科
4694	古铜色卷尾	Dicrurus aeneus	Bronzed Drongo	雀形目	卷尾科
4695	小盘尾	Dicrurus remifer	Lesser Racket-tailed Drongo	雀形目	卷尾科
4696	发冠卷尾	Dicrurus hottentottus	Hair-crested Drongo	雀形目	卷尾科
4697	大盘尾	Dicrurus paradiseus	Greater Racket-tailed Drongo	雀形目	卷尾科
4698	黑枕王鹟	Hypothymis azurea	Black-naped Monarch	雀形目	王鹟科
4699	印度寿带	Terpsiphone paradisi	Indian Paradise Flycatcher	雀形目	王鹟科
4700	东方寿带	Terpsiphone affinis	Oriental Paradise Flycatcher	雀形目	王鹟科
4701	寿带	Terpsiphone incei	Chinese Paradise Flycatcher	雀形目	王鹟科
4702	紫寿带	Terpsiphone atrocaudata	Japanese Paradise Flycatcher	雀形目	王鹟科
4703	虎纹伯劳	Lanius tigrinus	Tiger Shrike	雀形目	伯劳科
4704	牛头伯劳	Lanius bucephalus	Bull-headed Shrike	雀形目	伯劳科
4705	红尾伯劳	Lanius cristatus	Brown Shrike	雀形目	伯劳科
4706	红背伯劳	Lanius collurio	Red-backed Shrike	雀形目	伯劳科
4707	荒漠伯劳	Lanius isabellinus	Isabelline Shrike	雀形目	伯劳科
4708	棕尾伯劳	Lanius phoenicuroides	Red-tailed Shrike	雀形目	伯劳科
4709	栗背伯劳	Lanius collurioides	Burmese Shrike	雀形目	伯劳科
4710	褐背伯劳	Lanius vittatus	Bay-backed Shrike	雀形目	伯劳科
4711	棕背伯劳	Lanius schach	Long-tailed Shrike	雀形目	伯劳科
4712	灰背伯劳	Lanius tephronotus	Grey-backed Shrike	雀形目	伯劳科
4713	黑额伯劳	Lanius minor	Lesser Grey Shrike	雀形目	伯劳科
4714	灰伯劳	Lanius borealis	Northern Shrike	雀形目	伯劳科
4715	西灰伯劳	Lanius excubitor	Great Grey Shrike	雀形目	伯劳科
4716	楔尾伯劳	Lanius sphenocercus	Chinese Grey Shrike	雀形目	伯劳科
4717	青藏楔尾伯劳	Lanius giganteus	Giant Grey Shrike	雀形目	伯劳科
4718	北噪鸦	Perisoreus infaustus	Siberian Jay	雀形目	鸦科
4719	黑头噪鸦	Perisoreus internigrans	Sichuan Jay	雀形目	鸦科
4720	松鸦	Garrulus glandarius	Eurasian Jay	雀形目	鸦科
4721	灰喜鹊	Cyanopica cyanus	Azure-winged Magpie	雀形目	鸦科
4722	台湾蓝鹊	Urocissa caerulea	Taiwan Blue Magpie	雀形目	鸦科
4723	黄嘴蓝鹊	Urocissa flavirostris	Yellow-billed Blue Magpie	雀形目	鸦科
4724	红嘴蓝鹊	Urocissa erythroryncha	Red-billed Blue Magpie	雀形目	鸦科
4725	白翅蓝鹊	Urocissa whiteheadi	White-winged Magpie	雀形目	鸦科
4726	蓝绿鹊	Cissa chinensis	Common Green Magpie	雀形目	鸦科
4727	黄胸绿鹊	Cissa hypoleuca	Indochinese Green Magpie	雀形目	鸦科
4728	棕腹树鹊	Dendrocitta vagabunda	Rufous Treepie	雀形目	鸦科
4729	灰树鹊	Dendrocitta formosae	Grey Treepie	雀形目	鸦科
4730	黑额树鹊	Dendrocitta frontalis	Collared Treepie	雀形目	鸦科
4731	塔尾树鹊	Temnurus temnurus	Ratchet-tailed Treepie	雀形目	鸦科
4732	欧亚喜鹊	Pica pica	Eurasian Magpie	雀形目	鸦科
4733	青藏喜鹊	Pica bottanensis	Black-rumped Magpie	雀形目	鸦科
4734	喜鹊	Pica serica	Oriental Magpie	雀形目	鸦科
4735	黑尾地鸦	Podoces hendersoni	Henderson's Ground Jay	雀形目	鸦科
4736	白尾地鸦	Podoces biddulphi	Xinjiang Ground-jay	雀形目	鸦科
4737	星鸦	Nucifraga caryocatactes	Spotted Nutcracker	雀形目	鸦科
4738	红嘴山鸦	Pyrrhocorax pyrrhocorax	Red-billed Chough	雀形目	鸦科
4739	黄嘴山鸦	Pyrrhocorax graculus	Alpine Chough	雀形目	鸦科
4740	寒鸦	Corvus monedula	Western Jackdaw	雀形目	鸦科
4741	达乌里寒鸦	Corvus dauuricus	Daurian Jackdaw	雀形目	鸦科
4742	家鸦	Corvus splendens	House Crow	雀形目	鸦科
4743	秃鼻乌鸦	Corvus frugilegus	Rook	雀形目	鸦科
4744	小嘴乌鸦	Corvus corone	Carrion Crow	雀形目	鸦科
4745	冠小嘴乌鸦	Corvus cornix	Hooded Crow	雀形目	鸦科
4746	白颈鸦	Corvus pectoralis	Collared Crow	雀形目	鸦科
4747	大嘴乌鸦	Corvus macrorhynchos	Large-billed Crow	雀形目	鸦科
4748	渡鸦	Corvus corax	Northern Raven	雀形目	鸦科
4749	黄腹扇尾鹟	Chelidorhynx hypoxanthus	Yellow-bellied Fantail	雀形目	玉鹟科
4750	方尾鹟	Culicicapa ceylonensis	Grey-headed Canary-flycatcher	雀形目	玉鹟科
4751	火冠雀	Cephalopyrus flammiceps	Fire-capped Tit	雀形目	山雀科
4752	黄眉林雀	Sylviparus modestus	Yellow-browed Tit	雀形目	山雀科
4753	冕雀	Melanochlora sultanea	Sultan Tit	雀形目	山雀科
4754	棕枕山雀	Periparus rufonuchalis	Rufous-naped Tit	雀形目	山雀科
4755	黑冠山雀	Periparus rubidiventris	Rufous-vented Tit	雀形目	山雀科
4756	煤山雀	Periparus ater	Coal Tit	雀形目	山雀科
4757	黄腹山雀	Pardaliparus venustulus	Yellow-bellied Tit	雀形目	山雀科
4758	褐冠山雀	Lophophanes dichrous	Grey Crested Tit	雀形目	山雀科
4759	杂色山雀	Sittiparus varius	Varied Tit	雀形目	山雀科
4760	台湾杂色山雀	Sittiparus castaneoventris	Chestnut-bellied Tit	雀形目	山雀科
4761	白眉山雀	Poecile superciliosus	White-browed Tit	雀形目	山雀科
4762	红腹山雀	Poecile davidi	Pere David's Tit	雀形目	山雀科
4763	沼泽山雀	Poecile palustris	Marsh Tit	雀形目	山雀科
4764	黑喉山雀	Poecile hypermelaenus	Black-bibbed Tit	雀形目	山雀科
4765	褐头山雀	Poecile montanus	Willow Tit	雀形目	山雀科
4766	四川褐头山雀	Poecile weigoldicus	Sichuan Tit	雀形目	山雀科
4767	灰蓝山雀	Cyanistes cyanus	Azure Tit	雀形目	山雀科
4768	地山雀	Pseudopodoces humilis	Ground Tit	雀形目	山雀科
4769	欧亚大山雀	Parus major	Great Tit	雀形目	山雀科
4770	大山雀	Parus minor	Japanese Tit	雀形目	山雀科
4771	绿背山雀	Parus monticolus	Green-backed Tit	雀形目	山雀科
4772	台湾黄山雀	Machlolophus holsti	Yellow Tit	雀形目	山雀科
4773	眼纹黄山雀	Machlolophus xanthogenys	Himalayan Black-lored Tit	雀形目	山雀科
4774	黄颊山雀	Machlolophus spilonotus	Yellow-cheeked Tit	雀形目	山雀科
4775	黑头攀雀	Remiz macronyx	Black-headed Penduline Tit	雀形目	攀雀科
4776	白冠攀雀	Remiz coronatus	White-crowned Penduline Tit	雀形目	攀雀科
4777	中华攀雀	Remiz consobrinus	Chinese Penduline Tit	雀形目	攀雀科
4778	歌百灵	Mirafra javanica	Horsfield's Bush Lark	雀形目	百灵科
4779	白翅云雀	Alauda leucoptera	White-winged Lark	雀形目	百灵科
4780	小云雀	Alauda gulgula	Oriental Skylark	雀形目	百灵科
4781	云雀	Alauda arvensis	Eurasian Skylark	雀形目	百灵科
4782	凤头百灵	Galerida cristata	Crested Lark	雀形目	百灵科
4783	角百灵	Eremophila alpestris	Horned Lark	雀形目	百灵科
4784	细嘴短趾百灵	Calandrella acutirostris	Hume's Short-toed Lark	雀形目	百灵科
4785	中华短趾百灵	Calandrella dukhunensis	Mongolian Short-toed Lark	雀形目	百灵科
4786	大短趾百灵	Calandrella brachydactyla	Greater Short-toed Lark	雀形目	百灵科
4787	双斑百灵	Melanocorypha bimaculata	Bimaculated Lark	雀形目	百灵科
4788	草原百灵	Melanocorypha calandra	Calandra Lark	雀形目	百灵科
4789	黑百灵	Melanocorypha yeltoniensis	Black Lark	雀形目	百灵科
4790	蒙古百灵	Melanocorypha mongolica	Mongolian Lark	雀形目	百灵科
4791	长嘴百灵	Melanocorypha maxima	Tibetan Lark	雀形目	百灵科
4792	中亚短趾百灵	Alaudala heinei	Turkestan Short-toed Lark	雀形目	百灵科
4793	短趾百灵	Alaudala cheleensis	Asian Short-toed Lark	雀形目	百灵科
4794	文须雀	Panurus biarmicus	Bearded Reedling	雀形目	文须雀科
4795	棕扇尾莺	Cisticola juncidis	Zitting Cisticola	雀形目	扇尾莺科
4796	金头扇尾莺	Cisticola exilis	Golden-headed Cisticola	雀形目	扇尾莺科
4797	喜山山鹪莺	Prinia crinigera	Himalayan Prinia	雀形目	扇尾莺科
4798	山鹪莺	Prinia striata	Striated Prinia	雀形目	扇尾莺科
4799	黑喉山鹪莺	Prinia atrogularis	Black-throated Prinia	雀形目	扇尾莺科
4800	白喉山鹪莺	Prinia superciliaris	Hill Prinia	雀形目	扇尾莺科
4801	暗冕山鹪莺	Prinia rufescens	Rufescent Prinia	雀形目	扇尾莺科
4802	灰胸山鹪莺	Prinia hodgsonii	Grey-breasted Prinia	雀形目	扇尾莺科
4803	黄腹山鹪莺	Prinia flaviventris	Yellow-bellied Prinia	雀形目	扇尾莺科
4804	纯色山鹪莺	Prinia inornata	Plain Prinia	雀形目	扇尾莺科
4805	长尾缝叶莺	Orthotomus sutorius	Common Tailorbird	雀形目	扇尾莺科
4806	黑喉缝叶莺	Orthotomus atrogularis	Dark-necked Tailorbird	雀形目	扇尾莺科
4807	大苇莺	Acrocephalus arundinaceus	Great Reed Warbler	雀形目	苇莺科
4808	东方大苇莺	Acrocephalus orientalis	Oriental Reed Warbler	雀形目	苇莺科
4809	噪苇莺	Acrocephalus stentoreus	Clamorous Reed Warbler	雀形目	苇莺科
4810	黑眉苇莺	Acrocephalus bistrigiceps	Black-browed Reed Warbler	雀形目	苇莺科
4811	须苇莺	Acrocephalus melanopogon	Moustached Warbler	雀形目	苇莺科
4812	蒲苇莺	Acrocephalus schoenobaenus	Sedge Warbler	雀形目	苇莺科
4813	细纹苇莺	Acrocephalus sorghophilus	Speckled Reed Warbler	雀形目	苇莺科
4814	钝翅苇莺	Acrocephalus concinens	Blunt-winged Warbler	雀形目	苇莺科
4815	远东苇莺	Acrocephalus tangorum	Manchurian Reed Warbler	雀形目	苇莺科
4816	稻田苇莺	Acrocephalus agricola	Paddyfield Warbler	雀形目	苇莺科
4817	布氏苇莺	Acrocephalus dumetorum	Blyth's Reed Warbler	雀形目	苇莺科
4818	芦莺	Acrocephalus scirpaceus	Eurasian Reed Warbler	雀形目	苇莺科
4819	厚嘴苇莺	Arundinax aedon	Thick-billed Warbler	雀形目	苇莺科
4820	靴篱莺	Iduna caligata	Booted Warbler	雀形目	苇莺科
4821	赛氏篱莺	Iduna rama	Sykes's Warbler	雀形目	苇莺科
4822	草绿篱莺	Iduna pallida	Eastern Olivaceous Warbler	雀形目	苇莺科
4823	鳞胸鹪鹛	Pnoepyga albiventer	Scaly-breasted Cupwing	雀形目	鳞胸鹪鹛科
4824	台湾鹪鹛	Pnoepyga formosana	Taiwan Cupwing	雀形目	鳞胸鹪鹛科
4825	尼泊尔鹪鹛	Pnoepyga immaculata	Nepal Cupwing	雀形目	鳞胸鹪鹛科
4826	小鳞胸鹪鹛	Pnoepyga pusilla	Pygmy Cupwing	雀形目	鳞胸鹪鹛科
5420	普通朱雀	Carpodacus erythrinus	Common Rosefinch	雀形目	燕雀科
4827	库页岛蝗莺	Helopsaltes amnicola	Sakhalin Grasshopper Warbler	雀形目	蝗莺科
4828	苍眉蝗莺	Helopsaltes fasciolatus	Gray's Grasshopper Warbler	雀形目	蝗莺科
4829	斑背大尾莺	Helopsaltes pryeri	Marsh Grassbird	雀形目	蝗莺科
4830	小蝗莺	Helopsaltes certhiola	Pallas's Grasshopper Warbler	雀形目	蝗莺科
4831	东亚蝗莺	Helopsaltes pleskei	Styan's Grasshopper Warbler	雀形目	蝗莺科
4832	北蝗莺	Helopsaltes ochotensis	Middendorff's Grasshopper Warbler	雀形目	蝗莺科
4833	矛斑蝗莺	Locustella lanceolata	Lanceolated Warbler	雀形目	蝗莺科
4834	棕褐短翅蝗莺	Locustella luteoventris	Brown Bush Warbler	雀形目	蝗莺科
4835	巨嘴短翅蝗莺	Locustella major	Long-billed Bush Warbler	雀形目	蝗莺科
4836	黑斑蝗莺	Locustella naevia	Common Grasshopper Warbler	雀形目	蝗莺科
4837	中华短翅蝗莺	Locustella tacsanowskia	Chinese Bush Warbler	雀形目	蝗莺科
4838	鸲蝗莺	Locustella luscinioides	Savi's Warbler	雀形目	蝗莺科
4839	北短翅蝗莺	Locustella davidi	Baikal Bush Warbler	雀形目	蝗莺科
4840	斑胸短翅蝗莺	Locustella thoracica	Spotted Bush Warbler	雀形目	蝗莺科
4841	台湾短翅蝗莺	Locustella alishanensis	Taiwan Bush Warbler	雀形目	蝗莺科
4842	高山短翅蝗莺	Locustella mandelli	Russet Bush Warbler	雀形目	蝗莺科
4843	四川短翅蝗莺	Locustella chengi	Sichuan Bush Warbler	雀形目	蝗莺科
4844	沼泽大尾莺	Megalurus palustris	Striated Grassbird	雀形目	蝗莺科
4845	灰喉沙燕	Riparia chinensis	Grey-throated Martin	雀形目	燕科
4846	崖沙燕	Riparia riparia	Sand Martin	雀形目	燕科
4847	淡色崖沙燕	Riparia diluta	Pale Martin	雀形目	燕科
4848	家燕	Hirundo rustica	Barn Swallow	雀形目	燕科
4849	洋燕	Hirundo tahitica	Pacific Swallow	雀形目	燕科
4850	线尾燕	Hirundo smithii	Wire-tailed Swallow	雀形目	燕科
4851	岩燕	Ptyonoprogne rupestris	Eurasian Crag Martin	雀形目	燕科
4852	纯色岩燕	Ptyonoprogne concolor	Dusky Crag Martin	雀形目	燕科
4853	毛脚燕	Delichon urbicum	Common House Martin	雀形目	燕科
4854	烟腹毛脚燕	Delichon dasypus	Asian House Martin	雀形目	燕科
4855	黑喉毛脚燕	Delichon nipalense	Nepal House Martin	雀形目	燕科
4856	金腰燕	Cecropis daurica	Red-rumped Swallow	雀形目	燕科
4857	斑腰燕	Cecropis striolata	Striated Swallow	雀形目	燕科
4858	黄额燕	Petrochelidon fluvicola	Streak-throated Swallow	雀形目	燕科
4859	凤头雀嘴鹎	Spizixos canifrons	Crested Finchbill	雀形目	鹎科
4860	领雀嘴鹎	Spizixos semitorques	Collared Finchbill	雀形目	鹎科
4861	纵纹绿鹎	Alcurus striatus	Striated Bulbul	雀形目	鹎科
4862	黑头鹎	Brachypodius atriceps	Black-headed Bulbul	雀形目	鹎科
4863	黑冠黄鹎	Rubigula flaviventris	Black-capped Bulbul	雀形目	鹎科
4864	红耳鹎	Pycnonotus jocosus	Red-whiskered Bulbul	雀形目	鹎科
4865	黄臀鹎	Pycnonotus xanthorrhous	Brown-breasted Bulbul	雀形目	鹎科
4866	白头鹎	Pycnonotus sinensis	Light-vented Bulbul	雀形目	鹎科
4867	台湾鹎	Pycnonotus taivanus	Styan's Bulbul	雀形目	鹎科
4868	白颊鹎	Pycnonotus leucogenys	Himalayan Bulbul	雀形目	鹎科
4869	白眉黄臀鹎	Pycnonotus goiavier	Yellow-vented Bulbul	雀形目	鹎科
4870	条耳鹎	Pycnonotus conradi	Streak-eared Bulbul	雀形目	鹎科
4871	黑喉红臀鹎	Pycnonotus cafer	Red-vented Bulbul	雀形目	鹎科
4872	白喉红臀鹎	Pycnonotus aurigaster	Sooty-headed Bulbul	雀形目	鹎科
4873	纹喉鹎	Pycnonotus finlaysoni	Stripe-throated Bulbul	雀形目	鹎科
4874	黄绿鹎	Pycnonotus flavescens	Flavescent Bulbul	雀形目	鹎科
4875	黄腹冠鹎	Alophoixus flaveolus	White-throated Bulbul	雀形目	鹎科
4876	白喉冠鹎	Alophoixus pallidus	Puff-throated Bulbul	雀形目	鹎科
4877	灰眼短脚鹎	Iole propinqua	Grey-eyed Bulbul	雀形目	鹎科
4878	绿翅短脚鹎	Ixos mcclellandii	Mountain Bulbul	雀形目	鹎科
4879	灰短脚鹎	Hemixos flavala	Ashy Bulbul	雀形目	鹎科
4880	栗背短脚鹎	Hemixos castanonotus	Chestnut Bulbul	雀形目	鹎科
4881	黑短脚鹎	Hypsipetes leucocephalus	Black Bulbul	雀形目	鹎科
4882	栗耳短脚鹎	Hypsipetes amaurotis	Brown-eared Bulbul	雀形目	鹎科
4883	林柳莺	Phylloscopus sibilatrix	Wood Warbler	雀形目	柳莺科
4884	橙斑翅柳莺	Phylloscopus pulcher	Buff-barred Warbler	雀形目	柳莺科
4885	灰喉柳莺	Phylloscopus maculipennis	Ashy-throated Warbler	雀形目	柳莺科
4886	淡眉柳莺	Phylloscopus humei	Hume's Leaf Warbler	雀形目	柳莺科
4887	黄眉柳莺	Phylloscopus inornatus	Yellow-browed Warbler	雀形目	柳莺科
4888	云南柳莺	Phylloscopus yunnanensis	Chinese Leaf Warbler	雀形目	柳莺科
4889	淡黄腰柳莺	Phylloscopus chloronotus	Lemon-rumped Warbler	雀形目	柳莺科
4890	四川柳莺	Phylloscopus forresti	Sichuan Leaf Warbler	雀形目	柳莺科
4891	甘肃柳莺	Phylloscopus kansuensis	Gansu Leaf Warbler	雀形目	柳莺科
4892	黄腰柳莺	Phylloscopus proregulus	Pallas's Leaf Warbler	雀形目	柳莺科
4893	棕眉柳莺	Phylloscopus armandii	Yellow-streaked Warbler	雀形目	柳莺科
4894	巨嘴柳莺	Phylloscopus schwarzi	Radde's Warbler	雀形目	柳莺科
4895	灰柳莺	Phylloscopus griseolus	Sulphur-bellied Warbler	雀形目	柳莺科
4896	黄腹柳莺	Phylloscopus affinis	Tickell's Leaf Warbler	雀形目	柳莺科
4897	华西柳莺	Phylloscopus occisinensis	Alpine Leaf Warbler	雀形目	柳莺科
4898	烟柳莺	Phylloscopus fuligiventer	Smoky Warbler	雀形目	柳莺科
4899	褐柳莺	Phylloscopus fuscatus	Dusky Warbler	雀形目	柳莺科
4900	棕腹柳莺	Phylloscopus subaffinis	Buff-throated Warbler	雀形目	柳莺科
4901	欧柳莺	Phylloscopus trochilus	Willow Warbler	雀形目	柳莺科
4902	中亚叽喳柳莺	Phylloscopus sindianus	Mountain Chiffchaff	雀形目	柳莺科
4903	叽喳柳莺	Phylloscopus collybita	Common Chiffchaff	雀形目	柳莺科
4904	冕柳莺	Phylloscopus coronatus	Eastern Crowned Warbler	雀形目	柳莺科
4905	日本冕柳莺	Phylloscopus ijimae	Ijima's Leaf-Warbler	雀形目	柳莺科
4906	白眶鹟莺	Phylloscopus intermedius	White-spectacled Warbler	雀形目	柳莺科
4907	灰脸鹟莺	Phylloscopus poliogenys	Grey-cheeked Warbler	雀形目	柳莺科
4908	金眶鹟莺	Phylloscopus burkii	Green-crowned Warbler	雀形目	柳莺科
4909	灰冠鹟莺	Phylloscopus tephrocephalus	Grey-crowned Warbler	雀形目	柳莺科
4910	韦氏鹟莺	Phylloscopus whistleri	Whistler's Warbler	雀形目	柳莺科
4911	比氏鹟莺	Phylloscopus valentini	Bianchi's Warbler	雀形目	柳莺科
4912	淡尾鹟莺	Phylloscopus soror	Alström's Warbler	雀形目	柳莺科
4913	峨眉鹟莺	Phylloscopus omeiensis	Martens's Warbler	雀形目	柳莺科
4914	双斑绿柳莺	Phylloscopus plumbeitarsus	Two-barred Warbler	雀形目	柳莺科
4915	暗绿柳莺	Phylloscopus trochiloides	Greenish Warbler	雀形目	柳莺科
4916	峨眉柳莺	Phylloscopus emeiensis	Emei Leaf Warbler	雀形目	柳莺科
4917	乌嘴柳莺	Phylloscopus magnirostris	Large-billed Leaf Warbler	雀形目	柳莺科
4918	库页岛柳莺	Phylloscopus borealoides	Sakhalin Leaf Warbler	雀形目	柳莺科
4919	淡脚柳莺	Phylloscopus tenellipes	Pale-legged Leaf Warbler	雀形目	柳莺科
4920	日本柳莺	Phylloscopus xanthodryas	Japanese Leaf Warbler	雀形目	柳莺科
4921	堪察加柳莺	Phylloscopus examinandus	Kamchatka Leaf Warbler	雀形目	柳莺科
4922	极北柳莺	Phylloscopus borealis	Arctic Warbler	雀形目	柳莺科
4923	栗头鹟莺	Phylloscopus castaniceps	Chestnut-crowned Warbler	雀形目	柳莺科
4924	灰岩柳莺	Phylloscopus calciatilis	Limestone Leaf Warbler	雀形目	柳莺科
4925	黑眉柳莺	Phylloscopus ricketti	Sulphur-breasted Warbler	雀形目	柳莺科
4926	黄胸柳莺	Phylloscopus cantator	Yellow-vented Warbler	雀形目	柳莺科
4927	西南冠纹柳莺	Phylloscopus reguloides	Blyth's Leaf Warbler	雀形目	柳莺科
4928	冠纹柳莺	Phylloscopus claudiae	Claudia's Leaf Warbler	雀形目	柳莺科
4929	华南冠纹柳莺	Phylloscopus goodsoni	Hartert's Leaf Warbler	雀形目	柳莺科
4930	白斑尾柳莺	Phylloscopus ogilviegranti	Kloss's Leaf Warbler	雀形目	柳莺科
4931	海南柳莺	Phylloscopus hainanus	Hainan Leaf Warbler	雀形目	柳莺科
4932	云南白斑尾柳莺	Phylloscopus intensior	Davison's Leaf Warbler	雀形目	柳莺科
4933	灰头柳莺	Phylloscopus xanthoschistos	Grey-hooded Warbler	雀形目	柳莺科
4934	黄腹鹟莺	Abroscopus superciliaris	Yellow-bellied Warbler	雀形目	树莺科
4935	棕脸鹟莺	Abroscopus albogularis	Rufous-faced Warbler	雀形目	树莺科
4936	黑脸鹟莺	Abroscopus schisticeps	Black-faced Warbler	雀形目	树莺科
4937	栗头织叶莺	Phyllergates cucullatus	Mountain Tailorbird	雀形目	树莺科
4938	宽嘴鹟莺	Tickellia hodgsoni	Broad-billed Warbler	雀形目	树莺科
4939	短翅树莺	Horornis diphone	Japanese Bush Warbler	雀形目	树莺科
4940	远东树莺	Horornis canturians	Manchurian Bush Warbler	雀形目	树莺科
4941	强脚树莺	Horornis fortipes	Brown-flanked Bush Warbler	雀形目	树莺科
4942	喜山黄腹树莺	Horornis brunnescens	Hume's Bush Warbler	雀形目	树莺科
4943	黄腹树莺	Horornis acanthizoides	Yellow-bellied Bush Warbler	雀形目	树莺科
4944	异色树莺	Horornis flavolivaceus	Aberrant Bush Warbler	雀形目	树莺科
4945	灰腹地莺	Tesia cyaniventer	Grey-bellied Tesia	雀形目	树莺科
4946	金冠地莺	Tesia olivea	Slaty-bellied Tesia	雀形目	树莺科
4947	宽尾树莺	Cettia cetti	Cetti's Warbler	雀形目	树莺科
4948	大树莺	Cettia major	Chestnut-crowned Bush Warbler	雀形目	树莺科
4949	棕顶树莺	Cettia brunnifrons	Grey-sided Bush Warbler	雀形目	树莺科
4950	栗头树莺	Cettia castaneocoronata	Chestnut-headed Tesia	雀形目	树莺科
4951	鳞头树莺	Urosphena squameiceps	Asian Stubtail	雀形目	树莺科
4952	淡脚树莺	Hemitesia pallidipes	Pale-footed Bush Warbler	雀形目	树莺科
4953	北长尾山雀	Aegithalos caudatus	Long-tailed Tit	雀形目	长尾山雀科
4954	银喉长尾山雀	Aegithalos glaucogularis	Silver-throated Bushtit	雀形目	长尾山雀科
4955	红头长尾山雀	Aegithalos concinnus	Black-throated Bushtit	雀形目	长尾山雀科
4956	棕额长尾山雀	Aegithalos iouschistos	Rufous-fronted Bushtit	雀形目	长尾山雀科
4957	黑眉长尾山雀	Aegithalos bonvaloti	Black-browed Bushtit	雀形目	长尾山雀科
4958	银脸长尾山雀	Aegithalos fuliginosus	Sooty Bushtit	雀形目	长尾山雀科
4959	花彩雀莺	Leptopoecile sophiae	White-browed Tit-warbler	雀形目	长尾山雀科
4960	凤头雀莺	Leptopoecile elegans	Crested Tit-warbler	雀形目	长尾山雀科
4961	黑顶林莺	Sylvia atricapilla	Eurasian Blackcap	雀形目	莺鹛科
4962	横斑林莺	Curruca nisoria	Barred Warbler	雀形目	莺鹛科
4963	白喉林莺	Curruca curruca	Lesser Whitethroat	雀形目	莺鹛科
4964	漠白喉林莺	Curruca minula	Desert Whitethroat	雀形目	莺鹛科
4965	休氏白喉林莺	Curruca althaea	Hume's Whitethroat	雀形目	莺鹛科
4966	东歌林莺	Curruca crassirostris	Eastern Orphean Warbler	雀形目	莺鹛科
4967	荒漠林莺	Curruca nana	Asian Desert Warbler	雀形目	莺鹛科
4968	灰白喉林莺	Curruca communis	Common Whitethroat	雀形目	莺鹛科
4969	火尾绿鹛	Myzornis pyrrhoura	Fire-tailed Myzornis	雀形目	鸦雀科
4970	金胸雀鹛	Lioparus chrysotis	Golden-breasted Fulvetta	雀形目	鸦雀科
4971	宝兴鹛雀	Moupinia poecilotis	Rufous-tailed Babbler	雀形目	鸦雀科
4972	白眉雀鹛	Fulvetta vinipectus	White-browed Fulvetta	雀形目	鸦雀科
4973	中华雀鹛	Fulvetta striaticollis	Chinese Fulvetta	雀形目	鸦雀科
4974	棕头雀鹛	Fulvetta ruficapilla	Spectacled Fulvetta	雀形目	鸦雀科
4975	路氏雀鹛	Fulvetta ludlowi	Brown-throated Fulvetta	雀形目	鸦雀科
4976	灰头雀鹛	Fulvetta cinereiceps	Grey-hooded Fulvetta	雀形目	鸦雀科
4977	褐头雀鹛	Fulvetta manipurensis	Manipur Fulvetta	雀形目	鸦雀科
4978	玉山雀鹛	Fulvetta formosana	Taiwan Fulvetta	雀形目	鸦雀科
4979	金眼鹛雀	Chrysomma sinense	Yellow-eyed Babbler	雀形目	鸦雀科
4980	山鹛	Rhopophilus pekinensis	Beijing Hill-warbler	雀形目	鸦雀科
4981	西域山鹛	Rhopophilus albosuperciliaris	Tarim Hill-warbler	雀形目	鸦雀科
4982	红嘴鸦雀	Conostoma aemodium	Great Parrotbill	雀形目	鸦雀科
4983	三趾鸦雀	Cholornis paradoxus	Three-toed Parrotbill	雀形目	鸦雀科
4984	褐鸦雀	Cholornis unicolor	Brown Parrotbill	雀形目	鸦雀科
4985	白眶鸦雀	Sinosuthora conspicillata	Spectacled Parrotbill	雀形目	鸦雀科
4986	棕头鸦雀	Sinosuthora webbiana	Vinous-throated Parrotbill	雀形目	鸦雀科
4987	灰喉鸦雀	Sinosuthora alphonsiana	Ashy-throated Parrotbill	雀形目	鸦雀科
4988	褐翅鸦雀	Sinosuthora brunnea	Brown-winged Parrotbill	雀形目	鸦雀科
4989	暗色鸦雀	Sinosuthora zappeyi	Grey-hooded Parrotbill	雀形目	鸦雀科
4990	灰冠鸦雀	Sinosuthora przewalskii	Rusty-throated Parrotbill	雀形目	鸦雀科
4991	黄额鸦雀	Suthora fulvifrons	Fulvous Parrotbill	雀形目	鸦雀科
4992	黑喉鸦雀	Suthora nipalensis	Black-throated Parrotbill	雀形目	鸦雀科
4993	金色鸦雀	Suthora verreauxi	Golden Parrotbill	雀形目	鸦雀科
4994	短尾鸦雀	Neosuthora davidiana	Short-tailed Parrotbill	雀形目	鸦雀科
4995	黑眉鸦雀	Chleuasicus atrosuperciliaris	Pale-billed Parrotbill	雀形目	鸦雀科
4996	白胸鸦雀	Psittiparus ruficeps	White-breasted Parrotbill	雀形目	鸦雀科
4997	红头鸦雀	Psittiparus bakeri	Rufous-headed Parrotbill	雀形目	鸦雀科
4998	灰头鸦雀	Psittiparus gularis	Grey-headed Parrotbill	雀形目	鸦雀科
4999	斑胸鸦雀	Paradoxornis flavirostris	Black-breasted Parrotbill	雀形目	鸦雀科
5000	点胸鸦雀	Paradoxornis guttaticollis	Spot-breasted Parrotbill	雀形目	鸦雀科
5001	震旦鸦雀	Paradoxornis heudei	Reed Parrotbill	雀形目	鸦雀科
5002	白领凤鹛	Parayuhina diademata	White-collared Yuhina	雀形目	绣眼鸟科
5003	栗耳凤鹛	Staphida castaniceps	Striated Yuhina	雀形目	绣眼鸟科
5004	栗颈凤鹛	Staphida torqueola	Indochinese Yuhina	雀形目	绣眼鸟科
5005	白颈凤鹛	Parayuhina bakeri	White-naped Yuhina	雀形目	绣眼鸟科
5006	黄颈凤鹛	Yuhina flavicollis	Whiskered Yuhina	雀形目	绣眼鸟科
5007	纹喉凤鹛	Yuhina gularis	Stripe-throated Yuhina	雀形目	绣眼鸟科
5008	棕臀凤鹛	Yuhina occipitalis	Rufous-vented Yuhina	雀形目	绣眼鸟科
5009	褐头凤鹛	Yuhina brunneiceps	Taiwan Yuhina	雀形目	绣眼鸟科
5010	黑颏凤鹛	Yuhina nigrimenta	Black-chinned Yuhina	雀形目	绣眼鸟科
5011	红胁绣眼鸟	Zosterops erythropleurus	Chestnut-flanked White-eye	雀形目	绣眼鸟科
5012	日本绣眼鸟	Zosterops japonicus	Warbling White-eye	雀形目	绣眼鸟科
5013	暗绿绣眼鸟	Zosterops simplex	Swinhoe's  White-eye	雀形目	绣眼鸟科
5014	低地绣眼鸟	Zosterops meyeni	Lowland White-eye	雀形目	绣眼鸟科
5015	灰腹绣眼鸟	Zosterops palpebrosus	Indian White-eye	雀形目	绣眼鸟科
5016	长嘴钩嘴鹛	Erythrogenys hypoleucos	Large Scimitar Babbler	雀形目	林鹛科
5017	锈脸钩嘴鹛	Erythrogenys erythrogenys	Rusty-cheeked Scimitar Babbler	雀形目	林鹛科
5018	台湾斑胸钩嘴鹛	Erythrogenys erythrocnemis	Black-necklaced Scimitar Babbler	雀形目	林鹛科
5019	斑胸钩嘴鹛	Erythrogenys gravivox	Black-streaked Scimitar Babbler	雀形目	林鹛科
5020	华南斑胸钩嘴鹛	Erythrogenys swinhoei	Grey-sided Scimitar Babbler	雀形目	林鹛科
5021	灰头钩嘴鹛	Pomatorhinus schisticeps	White-browed Scimitar Babbler	雀形目	林鹛科
5022	棕颈钩嘴鹛	Pomatorhinus ruficollis	Streak-breasted Scimitar Babbler	雀形目	林鹛科
5023	台湾棕颈钩嘴鹛	Pomatorhinus musicus	Taiwan Scimitar Babbler	雀形目	林鹛科
5024	棕头钩嘴鹛	Pomatorhinus ochraceiceps	Red-billed Scimitar Babbler	雀形目	林鹛科
5025	红嘴钩嘴鹛	Pomatorhinus ferruginosus	Coral-billed Scimitar Babbler	雀形目	林鹛科
5026	细嘴钩嘴鹛	Pomatorhinus superciliaris	Slender-billed Scimitar Babbler	雀形目	林鹛科
5027	棕喉鹩鹛	Spelaeornis caudatus	Rufous-throated Wren-Babbler	雀形目	林鹛科
5028	锈喉鹩鹛	Spelaeornis badeigularis	Rusty-throated Wren-Babbler	雀形目	林鹛科
5029	斑翅鹩鹛	Spelaeornis troglodytoides	Bar-winged Wren-Babbler	雀形目	林鹛科
5030	淡喉鹩鹛	Spelaeornis kinneari	Pale-throated Wren-Babbler	雀形目	林鹛科
5031	长尾鹩鹛	Spelaeornis chocolatinus 	Naga Wren-Babbler	雀形目	林鹛科
5032	黑胸楔嘴穗鹛	Stachyris humei	Blackish-breasted Babbler	雀形目	林鹛科
5033	楔嘴穗鹛	Stachyris roberti	Chevron-breasted Babbler	雀形目	林鹛科
5034	弄岗穗鹛	Stachyris nonggangensis	Nonggang Babbler	雀形目	林鹛科
5035	黑头穗鹛	Stachyris nigriceps	Grey-throated Babbler	雀形目	林鹛科
5036	斑颈穗鹛	Stachyris strialata	Spot-necked Babbler	雀形目	林鹛科
5037	红头穗鹛	Cyanoderma ruficeps	Rufous-capped Babbler	雀形目	林鹛科
5038	黑颏穗鹛	Cyanoderma pyrrhops	Black-chinned Babbler	雀形目	林鹛科
5039	金头穗鹛	Cyanoderma chrysaeum	Golden Babbler	雀形目	林鹛科
5040	黄喉穗鹛	Cyanoderma ambiguum	Buff-chested Babbler	雀形目	林鹛科
5041	纹胸鹛	Mixornis gularis	Pin-striped Tit-Babbler	雀形目	林鹛科
5042	红顶鹛	Timalia pileata	Chestnut-capped Babbler	雀形目	林鹛科
5043	金额雀鹛	Schoeniparus variegaticeps	Golden-fronted Fulvetta	雀形目	幽鹛科
5044	黄喉雀鹛	Schoeniparus cinereus	Yellow-throated Fulvetta	雀形目	幽鹛科
5045	栗头雀鹛	Schoeniparus  castaneceps	Rufous-winged Fulvetta	雀形目	幽鹛科
5046	棕喉雀鹛	Schoeniparus rufogularis	Rufous-throated Fulvetta	雀形目	幽鹛科
5047	褐胁雀鹛	Schoeniparus dubius	Rusty-capped Fulvetta	雀形目	幽鹛科
5048	褐顶雀鹛	Schoeniparus brunneus	Dusky Fulvetta	雀形目	幽鹛科
5049	灰岩鹪鹛	Gypsophila annamensis	Annam Limestone Babbler	雀形目	幽鹛科
5050	短尾鹪鹛	Gypsophila brevicaudata	Streaked Wren-Babbler	雀形目	幽鹛科
5051	白头鵙鹛	Gampsorhynchus rufulus	White-hooded Babbler	雀形目	幽鹛科
5052	领鵙鹛	Gampsorhynchus torquatus	Collared Babbler	雀形目	幽鹛科
5053	纹胸鹪鹛	Napothera epilepidota	Eyebrowed Wren-Babbler	雀形目	幽鹛科
5054	瑙蒙短尾鹛	Napothera naungmungensis	Naung Mung Scimitar Babbler	雀形目	幽鹛科
5055	长嘴鹩鹛	Napothera malacoptila	Long-billed Wren-Babbler	雀形目	幽鹛科
5056	中华草鹛	Graminicola striatus	Chinese Grassbird	雀形目	幽鹛科
5057	棕胸雅鹛	Pellorneum tickelli	Buff-breasted Babbler	雀形目	幽鹛科
5058	白腹幽鹛	Pellorneum albiventre	Spot-throated Babbler	雀形目	幽鹛科
5059	棕头幽鹛	Pellorneum ruficeps	Puff-throated Babbler	雀形目	幽鹛科
5060	褐脸雀鹛	Alcippe poioicephala	Brown-cheeked Fulvetta	雀形目	雀鹛科
5061	台湾雀鹛	Alcippe morrisonia	Grey-cheeked Fulvetta	雀形目	雀鹛科
5062	灰眶雀鹛	Alcippe davidi	David's Fulvetta	雀形目	雀鹛科
5063	云南雀鹛	Alcippe fratercula	Yunnan Fulvetta	雀形目	雀鹛科
5064	淡眉雀鹛	Alcippe hueti	Huet's Fulvetta	雀形目	雀鹛科
5065	白眶雀鹛	Alcippe nipalensis	Nepal Fulvetta	雀形目	雀鹛科
5066	斑胸噪鹛	Garrulax merulinus	Spot-breasted Laughingthrush	雀形目	噪鹛科
5067	画眉	Garrulax canorus	Chinese Hwamei	雀形目	噪鹛科
5068	台湾画眉	Garrulax taewanus	Taiwan Hwamei	雀形目	噪鹛科
5069	海南画眉	Garrulax owstoni	Hainan Hwamei	雀形目	噪鹛科
5070	小黑领噪鹛	Garrulax monileger	Lesser Necklaced Laughingthrush	雀形目	噪鹛科
5071	白冠噪鹛	Garrulax leucolophus	White-crested Laughingthrush	雀形目	噪鹛科
5072	白颈噪鹛	Garrulax strepitans	White-necked Laughingthrush	雀形目	噪鹛科
5073	褐胸噪鹛	Garrulax maesi	Grey Laughingthrush	雀形目	噪鹛科
5074	栗颊噪鹛	Garrulax castanotis	Rufous-cheeked Laughingthrush	雀形目	噪鹛科
5075	黑额山噪鹛	Ianthocincla sukatschewi	Snowy-cheeked Laughingthrush	雀形目	噪鹛科
5076	棕颏噪鹛	Ianthocincla rufogularis	Rufous-chinned Laughingthrush	雀形目	噪鹛科
5077	灰翅噪鹛	Ianthocincla cineraceus	Moustached Laughingthrush	雀形目	噪鹛科
5078	眼纹噪鹛	Ianthocincla ocellatus	Spotted Laughingthrush	雀形目	噪鹛科
5079	大噪鹛	Ianthocincla maximus	Giant Laughingthrush	雀形目	噪鹛科
5080	白点噪鹛	Ianthocincla bieti	White-speckled Laughingthrush	雀形目	噪鹛科
5081	斑背噪鹛	Ianthocincla lunulatus	Barred Laughingthrush	雀形目	噪鹛科
5082	栗臀噪鹛	Pterorhinus gularis	Rufous-vented Laughingthrush	雀形目	噪鹛科
5083	蓝冠噪鹛	Pterorhinus courtoisi	Blue-crowned Laughingthrush	雀形目	噪鹛科
5084	栗颈噪鹛	Pterorhinus ruficollis	Rufous-necked Laughingthrush	雀形目	噪鹛科
5085	黑喉噪鹛	Pterorhinus chinensis	Black-throated Laughingthrush	雀形目	噪鹛科
5086	白颊噪鹛	Pterorhinus sannio	White-browed Laughingthrush	雀形目	噪鹛科
5087	黑脸噪鹛	Pterorhinus perspicillatus	Masked Laughingthrush	雀形目	噪鹛科
5088	黑领噪鹛	Pterorhinus pectoralis	Greater Necklaced Laughingthrush	雀形目	噪鹛科
5089	山噪鹛	Pterorhinus davidi	Plain Laughingthrush	雀形目	噪鹛科
5090	矛纹草鹛	Pterorhinus lanceolatus	Chinese Babax	雀形目	噪鹛科
5091	大草鹛	Pterorhinus waddelli	Giant Babax	雀形目	噪鹛科
5092	棕草鹛	Pterorhinus koslowi	Tibetan Babax	雀形目	噪鹛科
5093	白喉噪鹛	Pterorhinus albogularis	White-throated Laughingthrush	雀形目	噪鹛科
5094	台湾白喉噪鹛	Pterorhinus ruficeps	Rufous-crowned Laughingthrush	雀形目	噪鹛科
5095	灰胁噪鹛	Pterorhinus caerulatus	Grey-sided Laughingthrush	雀形目	噪鹛科
5096	棕噪鹛	Pterorhinus berthemyi	Buffy Laughingthrush	雀形目	噪鹛科
5097	台湾棕噪鹛	Pterorhinus poecilorhynchus	Rusty Laughingthrush	雀形目	噪鹛科
5098	条纹噪鹛	Grammatoptila striata	Striated Laughingthrush	雀形目	噪鹛科
5099	纯色噪鹛	Trochalopteron subunicolor	Scaly Laughingthrush	雀形目	噪鹛科
5100	蓝翅噪鹛	Trochalopteron squamatum	Blue-winged Laughingthrush	雀形目	噪鹛科
5101	细纹噪鹛	Trochalopteron lineatum	Streaked Laughingthrush	雀形目	噪鹛科
5102	丽星噪鹛	Trochalopteron imbricatum	Bhutan Laughingthrush	雀形目	噪鹛科
5103	杂色噪鹛	Trochalopteron variegatum	Variegated Laughingthrush	雀形目	噪鹛科
5104	黑顶噪鹛	Trochalopteron affine	Black-faced Laughingthrush	雀形目	噪鹛科
5105	台湾噪鹛	Trochalopteron morrisonianum	White-whiskered Laughingthrush	雀形目	噪鹛科
5106	灰腹噪鹛	Trochalopteron henrici	Brown-cheeked Laughingthrush	雀形目	噪鹛科
5107	橙翅噪鹛	Trochalopteron elliotii	Elliot's Laughingthrush	雀形目	噪鹛科
5108	红尾噪鹛	Trochalopteron milnei	Red-tailed Laughingthrush	雀形目	噪鹛科
5109	红头噪鹛	Trochalopteron erythrocephalum	Chestnut-crowned Laughingthrush	雀形目	噪鹛科
5110	红顶噪鹛	Trochalopteron chrysopterum	Assam Laughingthrush	雀形目	噪鹛科
5111	红翅噪鹛	Trochalopteron formosum	Red-winged Laughingthrush	雀形目	噪鹛科
5112	银耳噪鹛	Trochalopteron melanostigma	Silver-eared Laughingthrush	雀形目	噪鹛科
5113	斑胁姬鹛	Cutia nipalensis	Himalayan Cutia	雀形目	噪鹛科
5114	火尾希鹛	Minla ignotincta	Red-tailed Minla	雀形目	噪鹛科
5115	黑冠薮鹛	Liocichla bugunorum	Bugun Liocichla	雀形目	噪鹛科
5116	灰胸薮鹛	Liocichla omeiensis	Emei Shan Liocichla	雀形目	噪鹛科
5117	黄痣薮鹛	Liocichla steerii	Steere's Liocichla	雀形目	噪鹛科
5118	灰头薮鹛	Liocichla phoenicea	Red-faced Liocichla	雀形目	噪鹛科
5119	红翅薮鹛	Liocichla ripponi	Scarlet-faced Liocichla	雀形目	噪鹛科
5120	栗额斑翅鹛	Actinodura egertoni	Rusty-fronted Barwing	雀形目	噪鹛科
5121	白眶斑翅鹛	Actinodura ramsayi	Spectacled Barwing	雀形目	噪鹛科
5122	纹头斑翅鹛	Actinodura nipalensis	Hoary-throated Barwing	雀形目	噪鹛科
5123	台湾斑翅鹛	Actinodura morrisoniana	Taiwan Barwing	雀形目	噪鹛科
5124	纹胸斑翅鹛	Actinodura waldeni	Streak-throated Barwing	雀形目	噪鹛科
5125	灰头斑翅鹛	Actinodura souliei	Streaked Barwing	雀形目	噪鹛科
5126	蓝翅希鹛	Actinodura cyanouroptera	Blue-winged Minla	雀形目	噪鹛科
5127	斑喉希鹛	Actinodura strigula	Bar-throated Minla	雀形目	噪鹛科
5128	红嘴相思鸟	Leiothrix lutea	Red-billed Leiothrix	雀形目	噪鹛科
5129	银耳相思鸟	Leiothrix argentauris	Silver-eared Mesia	雀形目	噪鹛科
5130	栗背奇鹛	Leioptila annectens	Rufous-backed Sibia	雀形目	噪鹛科
5131	长尾奇鹛	Heterophasia picaoides	Long-tailed Sibia	雀形目	噪鹛科
5132	白耳奇鹛	Heterophasia auricularis	White-eared Sibia	雀形目	噪鹛科
5133	黑顶奇鹛	Heterophasia capistrata	Rufous Sibia	雀形目	噪鹛科
5134	丽色奇鹛	Heterophasia pulchella	Beautiful Sibia	雀形目	噪鹛科
5135	灰奇鹛	Heterophasia gracilis	Grey Sibia	雀形目	噪鹛科
5136	黑头奇鹛	Heterophasia desgodinsi	Dark-backed Sibia	雀形目	噪鹛科
5137	欧亚旋木雀	Certhia familiaris	Eurasian Treecreeper	雀形目	旋木雀科
5138	霍氏旋木雀	Certhia hodgsoni	Hodgson's Treecreeper	雀形目	旋木雀科
5139	高山旋木雀	Certhia himalayana	Bar-tailed Treecreeper	雀形目	旋木雀科
5140	锈红腹旋木雀	Certhia nipalensis	Rusty-flanked Treecreeper	雀形目	旋木雀科
5141	褐喉旋木雀	Certhia discolor	Sikkim Treecreeper	雀形目	旋木雀科
5142	休氏旋木雀	Certhia manipurensis	Hume's Treecreeper	雀形目	旋木雀科
5143	四川旋木雀	Certhia tianquanensis	Sichuan Treecreeper	雀形目	旋木雀科
5144	普通䴓	Sitta europaea	Eurasian Nuthatch	雀形目	䴓科
5145	栗臀䴓	Sitta nagaensis	Chestnut-vented Nuthatch	雀形目	䴓科
5146	栗腹䴓	Sitta cinnamoventris	Chestnut-bellied Nuthatch	雀形目	䴓科
5147	白尾䴓	Sitta himalayensis	White-tailed Nuthatch	雀形目	䴓科
5148	滇䴓	Sitta yunnanensis	Yunnan Nuthatch	雀形目	䴓科
5149	黑头䴓	Sitta villosa	Chinese Nuthatch	雀形目	䴓科
5150	白脸䴓	Sitta przewalskii	Przevalski's Nuthatch	雀形目	䴓科
5151	绒额䴓	Sitta frontalis	Velvet-fronted Nuthatch	雀形目	䴓科
5152	淡紫䴓	Sitta solangiae	Yellow-billed Nuthatch	雀形目	䴓科
5153	巨䴓	Sitta magna	Giant Nuthatch	雀形目	䴓科
5154	丽䴓	Sitta formosa	Beautiful Nuthatch	雀形目	䴓科
5155	红翅旋壁雀	Tichodroma muraria	Wallcreeper	雀形目	䴓科
5156	鹪鹩	Troglodytes troglodytes	Eurasian Wren	雀形目	鹪鹩科
5157	河乌	Cinclus cinclus	White-throated Dipper	雀形目	河乌科
5158	褐河乌	Cinclus pallasii	Brown Dipper	雀形目	河乌科
5159	亚洲辉椋鸟	Aplonis panayensis	Asian Glossy Starling	雀形目	椋鸟科
5160	斑翅椋鸟	Saroglossa spilopterus	Spot-winged Starling	雀形目	椋鸟科
5161	金冠树八哥	Ampeliceps coronatus	Golden-crested Myna	雀形目	椋鸟科
5162	鹩哥	Gracula religiosa	Common Hill Myna	雀形目	椋鸟科
5163	林八哥	Acridotheres grandis	Great Myna	雀形目	椋鸟科
5164	八哥	Acridotheres cristatellus	Crested Myna	雀形目	椋鸟科
5165	爪哇八哥	Acridotheres javanicus	Javan Myna	雀形目	椋鸟科
5166	白领八哥	Acridotheres albocinctus	Collared Myna	雀形目	椋鸟科
5167	家八哥	Acridotheres tristis	Common Myna	雀形目	椋鸟科
5168	红嘴椋鸟	Acridotheres burmannicus	Vinous-breasted Starling	雀形目	椋鸟科
5169	丝光椋鸟	Spodiopsar sericeus	Red-billed Starling	雀形目	椋鸟科
5170	灰椋鸟	Spodiopsar cineraceus	White-cheeked Starling	雀形目	椋鸟科
5171	黑领椋鸟	Gracupica nigricollis	Black-collared Starling	雀形目	椋鸟科
5172	斑椋鸟	Gracupica contra	Indian Pied Myna	雀形目	椋鸟科
5173	暹罗斑椋鸟	Gracupica floweri	Siamese Pied Myna	雀形目	椋鸟科
5174	北椋鸟	Agropsar sturninus	Daurian Starling	雀形目	椋鸟科
5175	紫背椋鸟	Agropsar philippensis	Chestnut-cheeked Starling	雀形目	椋鸟科
5176	灰背椋鸟	Sturnia sinensis	White-shouldered Starling	雀形目	椋鸟科
5177	灰头椋鸟	Sturnia malabarica	Chestnut-tailed Starling	雀形目	椋鸟科
5178	黑冠椋鸟	Sturnia pagodarum	Brahminy Starling	雀形目	椋鸟科
5179	粉红椋鸟	Pastor roseus	Rosy Starling	雀形目	椋鸟科
5180	紫翅椋鸟	Sturnus vulgaris	Common Starling	雀形目	椋鸟科
5181	橙头地鸫	Geokichla citrina	Orange-headed Thrush	雀形目	鸫科
5182	白眉地鸫	Geokichla sibirica	Siberian Thrush	雀形目	鸫科
5183	淡背地鸫	Zoothera mollissima	Alpine Thrush	雀形目	鸫科
5184	四川淡背地鸫	Zoothera griseiceps	Sichuan Thrush	雀形目	鸫科
5185	喜山淡背地鸫	Zoothera salimalii	Himalayan Thrush	雀形目	鸫科
5186	长尾地鸫	Zoothera dixoni	Long-tailed Thrush	雀形目	鸫科
5187	虎斑地鸫	Zoothera aurea	White's Thrush	雀形目	鸫科
5188	小虎斑地鸫	Zoothera dauma	Scaly Thrush	雀形目	鸫科
5189	大长嘴地鸫	Zoothera monticola	Long-billed Thrush	雀形目	鸫科
5190	长嘴地鸫	Zoothera marginata	Dark-sided Thrush	雀形目	鸫科
5191	蓝大翅鸲	Grandala coelicolor	Grandala	雀形目	鸫科
5192	灰背鸫	Turdus hortulorum	Grey-backed Thrush	雀形目	鸫科
5193	蒂氏鸫	Turdus unicolor	Tickell's Thrush	雀形目	鸫科
5194	黑胸鸫	Turdus dissimilis	Black-breasted Thrush	雀形目	鸫科
5195	乌灰鸫	Turdus cardis	Japanese Thrush	雀形目	鸫科
5196	白颈鸫	Turdus albocinctus	White-collared Blackbird	雀形目	鸫科
5197	灰翅鸫	Turdus boulboul	Grey-winged Blackbird	雀形目	鸫科
5198	欧乌鸫	Turdus merula	Common Blackbird	雀形目	鸫科
5199	乌鸫	Turdus mandarinus	Chinese Blackbird	雀形目	鸫科
5200	藏乌鸫	Turdus maximus	Tibetan Blackbird	雀形目	鸫科
5201	白头鸫	Turdus niveiceps	Taiwan Thrush	雀形目	鸫科
5202	灰头鸫	Turdus rubrocanus	Chestnut Thrush	雀形目	鸫科
5203	棕背黑头鸫	Turdus kessleri	White-backed Thrush	雀形目	鸫科
5204	褐头鸫	Turdus feae	Grey-sided Thrush	雀形目	鸫科
5205	白眉鸫	Turdus obscurus	Eyebrowed Thrush	雀形目	鸫科
5206	白腹鸫	Turdus pallidus	Pale Thrush	雀形目	鸫科
5207	赤胸鸫	Turdus chrysolaus	Brown-headed Thrush	雀形目	鸫科
5208	黑喉鸫	Turdus atrogularis	Black-throated Thrush	雀形目	鸫科
5209	赤颈鸫	Turdus ruficollis	Red-throated Thrush	雀形目	鸫科
5210	红尾斑鸫	Turdus naumanni	Naumann's Thrush	雀形目	鸫科
5211	斑鸫	Turdus eunomus	Dusky Thrush	雀形目	鸫科
5212	田鸫	Turdus pilaris	Fieldfare	雀形目	鸫科
5213	白眉歌鸫	Turdus iliacus	Redwing	雀形目	鸫科
5214	欧歌鸫	Turdus philomelos	Song Thrush	雀形目	鸫科
5215	宝兴歌鸫	Turdus mupinensis	Chinese Thrush	雀形目	鸫科
5216	槲鸫	Turdus viscivorus	Mistle Thrush	雀形目	鸫科
5217	紫宽嘴鸫	Cochoa purpurea	Purple Cochoa	雀形目	鸫科
5218	绿宽嘴鸫	Cochoa viridis	Green Cochoa	雀形目	鸫科
5219	棕薮鸲	Cercotrichas galactotes	Rufous-tailed Scrub Robin	雀形目	鹟科
5220	鹊鸲	Copsychus saularis	Oriental Magpie-Robin	雀形目	鹟科
5221	白腰鹊鸲	Copsychus malabaricus	White-rumped Shama	雀形目	鹟科
5222	斑鹟	Muscicapa striata	Spotted Flycatcher	雀形目	鹟科
5223	灰纹鹟	Muscicapa griseisticta	Grey-streaked Flycatcher	雀形目	鹟科
5224	乌鹟	Muscicapa sibirica	Dark-sided Flycatcher	雀形目	鹟科
5225	北灰鹟	Muscicapa dauurica	Asian Brown Flycatcher	雀形目	鹟科
5226	褐胸鹟	Muscicapa muttui	Brown-breasted Flycatcher	雀形目	鹟科
5227	棕尾褐鹟	Muscicapa ferruginea	Ferruginous Flycatcher	雀形目	鹟科
5228	白喉姬鹟	Anthipes monileger	White-gorgeted Flycatcher	雀形目	鹟科
5229	海南蓝仙鹟	Cyornis hainanus	Hainan Blue Flycatcher	雀形目	鹟科
5230	纯蓝仙鹟	Cyornis unicolor	Pale Blue Flycatcher	雀形目	鹟科
5231	灰颊仙鹟	Cyornis poliogenys	Pale-chinned Blue Flycatcher	雀形目	鹟科
5232	山蓝仙鹟	Cyornis whitei	Hill Blue Flycatcher	雀形目	鹟科
5233	蓝喉仙鹟	Cyornis rubeculoides	Blue-throated Blue Flycatcher	雀形目	鹟科
5234	中华仙鹟	Cyornis glaucicomans	Chinese Blue Flycatcher	雀形目	鹟科
5235	白尾蓝仙鹟	Cyornis concretus	White-tailed Flycatcher	雀形目	鹟科
5236	白喉林鹟	Cyornis brunneatus	Brown-chested Jungle Flycatcher	雀形目	鹟科
5237	棕腹大仙鹟	Niltava davidi	Fujian Niltava	雀形目	鹟科
5238	棕腹仙鹟	Niltava sundara	Rufous-bellied Niltava	雀形目	鹟科
5239	棕腹蓝仙鹟	Niltava oatesi	Vivid Niltava	雀形目	鹟科
5240	台湾蓝仙鹟	Niltava vivida 	Taiwan Vivid Niltava	雀形目	鹟科
5241	大仙鹟	Niltava grandis	Large Niltava	雀形目	鹟科
5242	小仙鹟	Niltava macgrigoriae	Small Niltava	雀形目	鹟科
5243	白腹蓝鹟	Cyanoptila cyanomelana	Blue-and-white Flycatcher	雀形目	鹟科
5244	白腹暗蓝鹟	Cyanoptila cumatilis	Zappey's Flycatcher	雀形目	鹟科
5245	铜蓝鹟	Eumyias thalassinus	Verditer Flycatcher	雀形目	鹟科
5246	欧亚鸲	Erithacus rubecula	European Robin	雀形目	鹟科
5247	栗背短翅鸫	Heteroxenicus stellatus	Gould's Shortwing	雀形目	鹟科
5248	锈腹短翅鸫	Brachypteryx hyperythra	Rusty-bellied Shortwing	雀形目	鹟科
5249	白喉短翅鸫	Brachypteryx leucophris	Lesser Shortwing	雀形目	鹟科
5250	喜山蓝短翅鸫	Brachypteryx cruralis	Himalayan Shortwing	雀形目	鹟科
5251	蓝短翅鸫	Brachypteryx sinensis	Chinese Shortwing	雀形目	鹟科
5252	台湾蓝短翅鸫	Brachypteryx goodfellowi	White-browed Shortwing	雀形目	鹟科
5253	栗腹歌鸲	Larvivora brunnea	Indian Blue Robin	雀形目	鹟科
5254	蓝歌鸲	Larvivora cyane	Siberian Blue Robin	雀形目	鹟科
5255	红尾歌鸲	Larvivora sibilans	Rufous-tailed Robin	雀形目	鹟科
5256	棕头歌鸲	Larvivora ruficeps	Rufous-headed Robin	雀形目	鹟科
5257	琉球歌鸲	Larvivora komadori	Ryukyu Robin	雀形目	鹟科
5258	日本歌鸲	Larvivora akahige	Japanese Robin	雀形目	鹟科
5259	蓝喉歌鸲	Luscinia svecica	Bluethroat	雀形目	鹟科
5260	白腹短翅鸲	Luscinia phaenicuroides	White-bellied Redstart	雀形目	鹟科
5261	新疆歌鸲	Luscinia megarhynchos	Common Nightingale	雀形目	鹟科
5262	黑胸歌鸲	Calliope pectoralis	Himalayan Rubythroat	雀形目	鹟科
5263	白须黑胸歌鸲	Calliope tschebaiewi	Chinese Rubythroat	雀形目	鹟科
5264	红喉歌鸲	Calliope calliope	Siberian Rubythroat	雀形目	鹟科
5265	金胸歌鸲	Calliope pectardens	Firethroat	雀形目	鹟科
5266	黑喉歌鸲	Calliope obscura	Blackthroat	雀形目	鹟科
5267	白尾蓝地鸲	Myiomela leucura	White-tailed Blue Robin	雀形目	鹟科
5268	白眉林鸲	Tarsiger indicus	White-browed Bush Robin	雀形目	鹟科
5269	台湾白眉林鸲	Tarsiger formosanus	Taiwan Bush Robin	雀形目	鹟科
5270	棕腹林鸲	Tarsiger hyperythrus	Rufous-breasted Bush Robin	雀形目	鹟科
5271	台湾林鸲	Tarsiger johnstoniae	Collared Bush Robin	雀形目	鹟科
5272	红胁蓝尾鸲	Tarsiger cyanurus	Orange-flanked Bush-robin	雀形目	鹟科
5273	蓝眉林鸲	Tarsiger rufilatus	Himalayan Bush-robin	雀形目	鹟科
5274	祁连山蓝尾鸲	Tarsiger albocoeruleus	Qilian Bluetail 	雀形目	鹟科
5275	金色林鸲	Tarsiger chrysaeus	Golden Bush Robin	雀形目	鹟科
5276	小燕尾	Enicurus scouleri	Little Forktail	雀形目	鹟科
5277	黑背燕尾	Enicurus immaculatus	Black-backed Forktail	雀形目	鹟科
5278	灰背燕尾	Enicurus schistaceus	Slaty-backed Forktail	雀形目	鹟科
5279	白额燕尾	Enicurus leschenaulti	White-crowned Forktail	雀形目	鹟科
5280	斑背燕尾	Enicurus maculatus	Spotted Forktail	雀形目	鹟科
5281	台湾紫啸鸫	Myophonus insularis	Taiwan Whistling Thrush	雀形目	鹟科
5282	紫啸鸫	Myophonus caeruleus	Blue Whistling Thrush	雀形目	鹟科
5283	蓝额地鸲	Cinclidium frontale	Blue-fronted Robin	雀形目	鹟科
5284	白眉姬鹟	Ficedula zanthopygia	Yellow-rumped Flycatcher	雀形目	鹟科
5285	黄眉姬鹟	Ficedula narcissina	Narcissus Flycatcher	雀形目	鹟科
5286	绿背姬鹟	Ficedula elisae	Green-backed Flycatcher	雀形目	鹟科
5287	琉球姬鹟	Ficedula owstoni	Ryukyu Flycatcher	雀形目	鹟科
5288	锈胸蓝姬鹟	Ficedula erithacus	Slaty-backed Flycatcher	雀形目	鹟科
5289	栗尾姬鹟	Ficedula ruficauda	Rusty-tailed Flycatcher	雀形目	鹟科
5290	斑姬鹟	Ficedula hypoleuca	European Pied Flycatcher	雀形目	鹟科
5291	侏蓝姬鹟	Ficedula hodgsoni	Pygmy Flycatcher	雀形目	鹟科
5292	鸲姬鹟	Ficedula mugimaki	Mugimaki Flycatcher	雀形目	鹟科
5293	橙胸姬鹟	Ficedula strophiata	Rufous-gorgeted Flycatcher	雀形目	鹟科
5294	红胸姬鹟	Ficedula parva	Red-breasted Flycatcher	雀形目	鹟科
5295	红喉姬鹟	Ficedula albicilla	Taiga Flycatcher	雀形目	鹟科
5296	棕胸蓝姬鹟	Ficedula hyperythra	Snowy-browed Flycatcher	雀形目	鹟科
5297	小斑姬鹟	Ficedula westermanni	Little Pied Flycatcher	雀形目	鹟科
5298	白眉蓝姬鹟	Ficedula superciliaris	Ultramarine Flycatcher	雀形目	鹟科
5299	灰蓝姬鹟	Ficedula tricolor	Slaty-blue Flycatcher	雀形目	鹟科
5300	玉头姬鹟	Ficedula sapphira	Sapphire Flycatcher	雀形目	鹟科
5301	贺兰山红尾鸲	Phoenicurus alaschanicus	Przevalski's Redstart	雀形目	鹟科
5302	红背红尾鸲	Phoenicurus erythronotus	Eversmann's Redstart	雀形目	鹟科
5303	蓝头红尾鸲	Phoenicurus coeruleocephala	Blue-capped Redstart	雀形目	鹟科
5304	赭红尾鸲	Phoenicurus ochruros	Black Redstart	雀形目	鹟科
5305	欧亚红尾鸲	Phoenicurus phoenicurus	Common Redstart	雀形目	鹟科
5306	黑喉红尾鸲	Phoenicurus hodgsoni	Hodgson's Redstart	雀形目	鹟科
5307	白喉红尾鸲	Phoenicurus schisticeps	White-throated Redstart	雀形目	鹟科
5308	北红尾鸲	Phoenicurus auroreus	Daurian Redstart	雀形目	鹟科
5309	红腹红尾鸲	Phoenicurus erythrogastrus	White-winged Redstart	雀形目	鹟科
5310	蓝额红尾鸲	Phoenicurus frontalis	Blue-fronted Redstart	雀形目	鹟科
5311	红尾水鸲	Phoenicurus fuliginosus	Plumbeous Water Redstart	雀形目	鹟科
5312	白顶溪鸲	Phoenicurus leucocephalus	White-capped Water-redstart	雀形目	鹟科
5313	白背矶鸫	Monticola saxatilis	Common Rock Thrush	雀形目	鹟科
5314	蓝矶鸫	Monticola solitarius	Blue Rock Thrush	雀形目	鹟科
5315	栗腹矶鸫	Monticola rufiventris	Chestnut-bellied Rock Thrush	雀形目	鹟科
5316	蓝头矶鸫	Monticola cinclorhyncha	Blue-capped Rock Thrush	雀形目	鹟科
5317	白喉矶鸫	Monticola gularis	White-throated Rock Thrush	雀形目	鹟科
5318	草原石䳭	Saxicola rubetra	Whinchat	雀形目	鹟科
5319	白喉石䳭	Saxicola insignis	White-throated Bushchat	雀形目	鹟科
5320	黑喉石䳭	Saxicola maurus	Siberian Stonechat	雀形目	鹟科
5321	东亚石䳭	Saxicola stejnegeri	Stejneger's Stonechat	雀形目	鹟科
5322	白斑黑石䳭	Saxicola caprata	Pied Bushchat	雀形目	鹟科
5323	黑白林䳭	Saxicola jerdoni	Jerdon's  Bushchat	雀形目	鹟科
5324	灰林䳭	Saxicola ferreus	Grey  Bushchat	雀形目	鹟科
5325	穗䳭	Oenanthe oenanthe	Northern Wheatear	雀形目	鹟科
5326	沙䳭	Oenanthe isabellina	Isabelline Wheatear	雀形目	鹟科
5327	漠䳭	Oenanthe deserti	Desert Wheatear	雀形目	鹟科
5328	白顶䳭	Oenanthe pleschanka	Pied Wheatear	雀形目	鹟科
5329	东方斑䳭	Oenanthe picata	Variable Wheatear	雀形目	鹟科
5330	台湾戴菊	Regulus goodfellowi	Flamecrest	雀形目	戴菊科
5331	戴菊	Regulus regulus	Goldcrest	雀形目	戴菊科
5332	太平鸟	Bombycilla garrulus	Bohemian Waxwing	雀形目	太平鸟科
5333	小太平鸟	Bombycilla japonica	Japanese Waxwing	雀形目	太平鸟科
5334	丽星鹩鹛	Elachura formosa	Spotted Elachura	雀形目	丽星鹩鹛科
5335	和平鸟	Irena puella	Asian Fairy-bluebird	雀形目	和平鸟科
5336	金额叶鹎	Chloropsis aurifrons	Golden-fronted Leafbird	雀形目	叶鹎科
5337	西南橙腹叶鹎	Chloropsis hardwickii	Orange-bellied Leafbird	雀形目	叶鹎科
5338	橙腹叶鹎	Chloropsis lazulina	Grayish-crowned Leafbird	雀形目	叶鹎科
5339	蓝翅叶鹎	Chloropsis cochinchinensis	Blue-winged Leafbird	雀形目	叶鹎科
5340	黄腹啄花鸟	Dicaeum melanozanthum	Yellow-bellied Flowerpecker	雀形目	啄花鸟科
5341	黄臀啄花鸟	Dicaeum chrysorrheum	Yellow-vented Flowerpecker	雀形目	啄花鸟科
5342	厚嘴啄花鸟	Dicaeum agile	Thick-billed Flowerpecker	雀形目	啄花鸟科
5343	纯色啄花鸟	Dicaeum minullum	Plain Flowerpecker	雀形目	啄花鸟科
5344	朱背啄花鸟	Dicaeum cruentatum	Scarlet-backed Flowerpecker	雀形目	啄花鸟科
5345	红胸啄花鸟	Dicaeum ignipectus	Fire-breasted Flowerpecker	雀形目	啄花鸟科
5346	蓝枕花蜜鸟	Kurochkinegramma hypogrammicum	Purple-naped Sunbird	雀形目	花蜜鸟科
5347	长嘴捕蛛鸟	Arachnothera longirostra	Little Spiderhunter	雀形目	花蜜鸟科
5348	纹背捕蛛鸟	Arachnothera magna	Streaked Spiderhunter	雀形目	花蜜鸟科
5349	紫颊太阳鸟	Chalcoparia singalensis	Ruby-cheeked Sunbird	雀形目	花蜜鸟科
5350	褐喉食蜜鸟	Anthreptes malacensis	Brown-throated Sunbird	雀形目	花蜜鸟科
5351	紫花蜜鸟	Cinnyris asiaticus	Purple Sunbird	雀形目	花蜜鸟科
5352	黄腹花蜜鸟	Cinnyris jugularis	Olive-backed Sunbird	雀形目	花蜜鸟科
5353	火尾太阳鸟	Aethopyga ignicauda	Fire-tailed Sunbird	雀形目	花蜜鸟科
5354	黑胸太阳鸟	Aethopyga saturata	Black-throated Sunbird	雀形目	花蜜鸟科
5355	绿喉太阳鸟	Aethopyga nipalensis	Green-tailed Sunbird	雀形目	花蜜鸟科
5356	蓝喉太阳鸟	Aethopyga gouldiae	Mrs. Gould's Sunbird	雀形目	花蜜鸟科
5357	黄腰太阳鸟	Aethopyga siparaja	Crimson Sunbird	雀形目	花蜜鸟科
5358	叉尾太阳鸟	Aethopyga christinae	Fork-tailed Sunbird	雀形目	花蜜鸟科
5359	高原岩鹨	Prunella himalayana	Altai Accentor	雀形目	岩鹨科
5360	领岩鹨	Prunella collaris	Alpine Accentor	雀形目	岩鹨科
5361	栗背岩鹨	Prunella immaculata	Maroon-backed Accentor	雀形目	岩鹨科
5362	鸲岩鹨	Prunella rubeculoides	Robin Accentor	雀形目	岩鹨科
5363	棕胸岩鹨	Prunella strophiata	Rufous-breasted Accentor	雀形目	岩鹨科
5364	褐岩鹨	Prunella fulvescens	Brown Accentor	雀形目	岩鹨科
5365	贺兰山岩鹨	Prunella koslowi	Mongolian Accentor	雀形目	岩鹨科
5366	棕眉山岩鹨	Prunella montanella	Siberian Accentor	雀形目	岩鹨科
5367	黑喉岩鹨	Prunella atrogularis	Black-throated Accentor	雀形目	岩鹨科
5368	朱鹀	Urocynchramus pylzowi	Przevalski's Finch	雀形目	朱鹀科
5369	纹胸织雀	Ploceus manyar	Streaked Weaver	雀形目	织雀科
5370	黄胸织雀	Ploceus philippinus	Baya Weaver	雀形目	织雀科
5371	橙颊梅花雀	Estrilda melpoda	Orange-cheeked Waxbill	雀形目	梅花雀科
5372	红梅花雀	Amandava amandava	Red Avadavat	雀形目	梅花雀科
5373	白喉文鸟	Euodice malabarica	Indian Silverbill	雀形目	梅花雀科
5374	白腰文鸟	Lonchura striata	White-rumped Munia	雀形目	梅花雀科
5375	斑文鸟	Lonchura punctulata	Scaly-breasted Munia	雀形目	梅花雀科
5376	栗腹文鸟	Lonchura atricapilla	Chestnut Munia	雀形目	梅花雀科
5377	禾雀	Lonchura oryzivora	Java Sparrow	雀形目	梅花雀科
5378	长尾鹦雀	Erythrura prasina	Pin-tailed Parrotfinch	雀形目	梅花雀科
5379	黑顶麻雀	Passer ammodendri	Saxaul Sparrow	雀形目	雀科
5380	家麻雀	Passer domesticus	House Sparrow	雀形目	雀科
5381	黑胸麻雀	Passer hispaniolensis	Spanish Sparrow	雀形目	雀科
5382	山麻雀	Passer cinnamomeus	Russet Sparrow	雀形目	雀科
5383	麻雀	Passer montanus	Eurasian Tree Sparrow	雀形目	雀科
5384	石雀	Petronia petronia	Rock Sparrow	雀形目	雀科
5385	白斑翅雪雀	Montifringilla nivalis	White-winged Snowfinch	雀形目	雀科
5386	藏雪雀	Montifringilla henrici	Tibetan Snowfinch	雀形目	雀科
5387	褐翅雪雀	Montifringilla adamsi	Black-winged Snowfinch	雀形目	雀科
5388	白腰雪雀	Onychostruthus taczanowskii	White-rumped Snowfinch	雀形目	雀科
5389	黑喉雪雀	Pyrgilauda davidiana	Small Snowfinch	雀形目	雀科
5390	棕颈雪雀	Pyrgilauda ruficollis	Rufous-necked Snowfinch	雀形目	雀科
5391	棕背雪雀	Pyrgilauda blanfordi	Plain-backed Snowfinch	雀形目	雀科
5392	山鹡鸰	Dendronanthus indicus	Forest Wagtail	雀形目	鹡鸰科
5393	北鹨	Anthus gustavi	Pechora Pipit	雀形目	鹡鸰科
5394	林鹨	Anthus trivialis	Tree Pipit	雀形目	鹡鸰科
5395	树鹨	Anthus hodgsoni	Olive-backed Pipit	雀形目	鹡鸰科
5396	红喉鹨	Anthus cervinus	Red-throated Pipit	雀形目	鹡鸰科
5397	粉红胸鹨	Anthus roseatus	Rosy Pipit	雀形目	鹡鸰科
5398	黄腹鹨	Anthus rubescens	Buff-bellied Pipit	雀形目	鹡鸰科
5399	草地鹨	Anthus pratensis	Meadow Pipit	雀形目	鹡鸰科
5400	水鹨	Anthus spinoletta	Water Pipit	雀形目	鹡鸰科
5401	山鹨	Anthus sylvanus	Upland Pipit	雀形目	鹡鸰科
5402	田鹨	Anthus richardi	Richard's Pipit	雀形目	鹡鸰科
5403	东方田鹨	Anthus rufulus	Paddyfield Pipit	雀形目	鹡鸰科
5404	布氏鹨	Anthus godlewskii	Blyth's Pipit	雀形目	鹡鸰科
5405	平原鹨	Anthus campestris	Tawny Pipit	雀形目	鹡鸰科
5406	西黄鹡鸰	Motacilla flava	Western Yellow Wagtail	雀形目	鹡鸰科
5407	黄鹡鸰	Motacilla tschutschensis	Eastern Yellow Wagtail	雀形目	鹡鸰科
5408	灰鹡鸰	Motacilla cinerea	Grey Wagtail	雀形目	鹡鸰科
5409	黄头鹡鸰	Motacilla citreola	Citrine Wagtail	雀形目	鹡鸰科
5410	日本鹡鸰	Motacilla grandis	Japanese Wagtail	雀形目	鹡鸰科
5411	白鹡鸰	Motacilla alba	White Wagtail	雀形目	鹡鸰科
5412	苍头燕雀	Fringilla coelebs	Common Chaffinch	雀形目	燕雀科
5413	燕雀	Fringilla montifringilla	Brambling	雀形目	燕雀科
5414	黄颈拟蜡嘴雀	Mycerobas affinis	Collared Grosbeak	雀形目	燕雀科
5415	白点翅拟蜡嘴雀	Mycerobas melanozanthos	Spot-winged Grosbeak	雀形目	燕雀科
5416	白斑翅拟蜡嘴雀	Mycerobas carnipes	White-winged Grosbeak	雀形目	燕雀科
5417	锡嘴雀	Coccothraustes coccothraustes	Hawfinch	雀形目	燕雀科
5418	黑尾蜡嘴雀	Eophona migratoria	Chinese Grosbeak	雀形目	燕雀科
5419	黑头蜡嘴雀	Eophona personata	Japanese Grosbeak	雀形目	燕雀科
5421	血雀	Carpodacus sipahi	Scarlet Finch	雀形目	燕雀科
5422	喜山红腰朱雀	Carpodacus grandis	Blyth's Rosefinch	雀形目	燕雀科
5423	红腰朱雀	Carpodacus rhodochlamys	Red-mantled Rosefinch	雀形目	燕雀科
5424	曙红朱雀	Carpodacus waltoni	Pink-rumped Rosefinch	雀形目	燕雀科
5425	中华朱雀	Carpodacus davidianus	Chinese Beautiful Rosefinch	雀形目	燕雀科
5426	红眉朱雀	Carpodacus pulcherrimus	Himalayan Beautiful Rosefinch	雀形目	燕雀科
5427	棕朱雀	Carpodacus edwardsii	Dark-rumped Rosefinch	雀形目	燕雀科
5428	粉眉朱雀	Carpodacus rodochroa	Pink-browed Rosefinch	雀形目	燕雀科
5429	淡腹点翅朱雀	Carpodacus verreauxii	Sharpe's Rosefinch	雀形目	燕雀科
5430	点翅朱雀	Carpodacus rodopeplus	Spot-winged Rosefinch	雀形目	燕雀科
5431	酒红朱雀	Carpodacus vinaceus	Vinaceous Rosefinch	雀形目	燕雀科
5432	台湾酒红朱雀	Carpodacus formosanus	Taiwan Rosefinch	雀形目	燕雀科
5433	沙色朱雀	Carpodacus stoliczkae	Pale Rosefinch	雀形目	燕雀科
5434	藏雀	Carpodacus roborowskii	Tibetan Rosefinch	雀形目	燕雀科
5435	褐头朱雀	Carpodacus sillemi	Sillem's Rosefinch	雀形目	燕雀科
5436	拟大朱雀	Carpodacus rubicilloides	Streaked Rosefinch	雀形目	燕雀科
5437	大朱雀	Carpodacus rubicilla	Great Rosefinch	雀形目	燕雀科
5438	长尾雀	Carpodacus sibiricus	Long-tailed Rosefinch	雀形目	燕雀科
5439	中华长尾雀	Carpodacus lepidus	Chinese Long-tailed Rosefinch	雀形目	燕雀科
5440	红胸朱雀	Carpodacus puniceus	Red-fronted Rosefinch	雀形目	燕雀科
5441	红眉松雀	Carpodacus subhimachalus	Crimson-browed Finch	雀形目	燕雀科
5442	北朱雀	Carpodacus roseus	Pallas's Rosefinch	雀形目	燕雀科
5443	斑翅朱雀	Carpodacus trifasciatus	Three-banded Rosefinch	雀形目	燕雀科
5444	喜山白眉朱雀	Carpodacus thura	Himalayan White-browed Rosefinch	雀形目	燕雀科
5445	白眉朱雀	Carpodacus dubius	Chinese White-browed Rosefinch	雀形目	燕雀科
5446	松雀	Pinicola enucleator	Pine Grosbeak	雀形目	燕雀科
5447	褐灰雀	Pyrrhula nipalensis	Brown Bullfinch	雀形目	燕雀科
5448	红头灰雀	Pyrrhula erythrocephala	Red-headed Bullfinch	雀形目	燕雀科
5449	灰头灰雀	Pyrrhula erythaca	Grey-headed Bullfinch	雀形目	燕雀科
5450	台湾灰头灰雀	Pyrrhula owstnoi	Taiwan Grey-headed Bullfinch	雀形目	燕雀科
5451	红腹灰雀	Pyrrhula pyrrhula	Eurasian Bullfinch	雀形目	燕雀科
5452	红翅沙雀	Rhodopechys sanguineus	Eurasian Crimson-winged Finch	雀形目	燕雀科
5453	蒙古沙雀	Bucanetes mongolicus	Mongolian Finch	雀形目	燕雀科
5454	赤朱雀	Agraphospiza rubescens	Blanford's Rosefinch	雀形目	燕雀科
5455	红眉金翅雀	Callacanthis burtoni	Spectacled Finch	雀形目	燕雀科
5456	金枕黑雀	Pyrrhoplectes epauletta	Gold-naped Finch	雀形目	燕雀科
5457	暗胸朱雀	Procarduelis nipalensis	Dark-breasted Rosefinch	雀形目	燕雀科
5458	林岭雀	Leucosticte nemoricola	Plain Mountain Finch	雀形目	燕雀科
5459	高山岭雀	Leucosticte brandti	Brandt's Mountain Finch	雀形目	燕雀科
5460	粉红腹岭雀	Leucosticte arctoa	Asian Rosy Finch	雀形目	燕雀科
5461	巨嘴沙雀	Rhodospiza obsoleta	Desert Finch	雀形目	燕雀科
5462	欧金翅雀	Chloris chloris	European Greenfinch	雀形目	燕雀科
5463	金翅雀	Chloris sinica	Oriental Greenfinch	雀形目	燕雀科
5464	高山金翅雀	Chloris spinoides	Yellow-breasted Greenfinch	雀形目	燕雀科
5465	黑头金翅雀	Chloris ambigua	Black-headed Greenfinch	雀形目	燕雀科
5466	黄嘴朱顶雀	Linaria flavirostris	Twite	雀形目	燕雀科
5467	赤胸朱顶雀	Linaria cannabina	Common Linnet	雀形目	燕雀科
5468	白腰朱顶雀	Acanthis flammea	Common Redpoll	雀形目	燕雀科
5469	极北朱顶雀	Acanthis hornemanni	Arctic Redpoll	雀形目	燕雀科
5470	红交嘴雀	Loxia curvirostra	Red Crossbill	雀形目	燕雀科
5471	白翅交嘴雀	Loxia leucoptera	Two-barred Crossbill	雀形目	燕雀科
5472	红额金翅雀	Carduelis carduelis	European Goldfinch	雀形目	燕雀科
5473	金额丝雀	Serinus pusillus	Red-fronted Serin	雀形目	燕雀科
5474	藏黄雀	Spinus thibetanus	Tibetan Serin	雀形目	燕雀科
5475	黄雀	Spinus spinus	Eurasian Siskin	雀形目	燕雀科
5476	铁爪鹀	Calcarius lapponicus	Lapland Longspur	雀形目	铁爪鹀科
5477	雪鹀	Plectrophenax nivalis	Snow Bunting	雀形目	铁爪鹀科
5478	凤头鹀	Emberiza lathami	Crested Bunting	雀形目	鹀科
5479	黑头鹀	Emberiza melanocephala	Black-headed Bunting	雀形目	鹀科
5480	褐头鹀	Emberiza bruniceps	Red-headed Bunting	雀形目	鹀科
5481	黍鹀	Emberiza calandra	Corn Bunting	雀形目	鹀科
5482	栗耳鹀	Emberiza fucata	Chestnut-eared Bunting	雀形目	鹀科
5483	藏鹀	Emberiza koslowi	Tibetan Bunting	雀形目	鹀科
5484	栗斑腹鹀	Emberiza jankowskii	Jankowski's Bunting	雀形目	鹀科
5485	三道眉草鹀	Emberiza cioides	Meadow Bunting	雀形目	鹀科
5486	淡灰眉岩鹀	Emberiza cia	Rock Bunting	雀形目	鹀科
5487	灰眉岩鹀	Emberiza godlewskii	Godlewski's Bunting	雀形目	鹀科
5488	西南灰眉岩鹀	Emberiza yunnanensis	Southern Rock Bunting	雀形目	鹀科
5489	灰颈鹀	Emberiza buchanani	Grey-necked Bunting	雀形目	鹀科
5490	圃鹀	Emberiza hortulana	Ortolan Bunting	雀形目	鹀科
5491	白顶鹀	Emberiza stewarti	White-capped Bunting	雀形目	鹀科
5492	黄鹀	Emberiza citrinella	Yellowhammer	雀形目	鹀科
5493	白头鹀	Emberiza leucocephalos	Pine Bunting	雀形目	鹀科
5494	黄喉鹀	Emberiza elegans	Yellow-throated Bunting	雀形目	鹀科
5495	蓝鹀	Emberiza siemsseni	Slaty Bunting	雀形目	鹀科
5496	红颈苇鹀	Emberiza yessoensis	Japanese Reed Bunting	雀形目	鹀科
5497	芦鹀	Emberiza schoeniclus	Common Reed Bunting	雀形目	鹀科
5498	苇鹀	Emberiza pallasi	Pallas's Reed Bunting	雀形目	鹀科
5499	黄胸鹀	Emberiza aureola	Yellow-breasted Bunting	雀形目	鹀科
5500	田鹀	Emberiza rustica	Rustic Bunting	雀形目	鹀科
5501	小鹀	Emberiza pusilla	Little Bunting	雀形目	鹀科
5502	灰头鹀	Emberiza spodocephala	Black-faced Bunting	雀形目	鹀科
5503	日本灰头鹀	Emberiza personata	Masked Bunting	雀形目	鹀科
5504	硫黄鹀	Emberiza sulphurata	Yellow Bunting	雀形目	鹀科
5505	栗鹀	Emberiza rutila	Chestnut Bunting	雀形目	鹀科
5506	黄眉鹀	Emberiza chrysophrys	Yellow-browed Bunting	雀形目	鹀科
5507	白眉鹀	Emberiza tristrami	Tristram's Bunting	雀形目	鹀科
5508	灰鹀	Emberiza variabilis	Grey Bunting	雀形目	鹀科
5509	白冠带鹀	Zonotrichia leucophrys	White-crowned Sparrow	雀形目	雀鹀科
5510	稀树草鹀	Passerculus sandwichensis	Savannah Sparrow	雀形目	雀鹀科
